corpus_index,book_id
0,BOOK_00001
1,BOOK_00002
2,BOOK_00003
3,BOOK_00004
4,BOOK_00005
5,BOOK_00006
6,BOOK_00007
7,BOOK_00008
8,BOOK_00009
9,BOOK_00010
10,BOOK_00011
11,BOOK_00012
12,BOOK_00013
13,BOOK_00014
14,BOOK_00015
15,BOOK_00016
16,BOOK_00017
17,BOOK_00018
18,BOOK_00019
19,BOOK_00020
20,BOOK_00021
21,BOOK_00022
22,BOOK_00023
23,BOOK_00024
24,BOOK_00025
25,BOOK_00026
26,BOOK_00027
27,BOOK_00028
28,BOOK_00029
29,BOOK_00030
30,BOOK_00031
31,BOOK_00032
32,BOOK_00033
33,BOOK_00034
34,BOOK_00035
35,BOOK_00036
36,BOOK_00037
37,BOOK_00038
38,BOOK_00039
39,BOOK_00040
40,BOOK_00041
41,BOOK_00042
42,BOOK_00043
43,BOOK_00044
44,BOOK_00045
45,BOOK_00046
46,BOOK_00047
47,BOOK_00048
48,BOOK_00049
49,BOOK_00050
50,BOOK_00051
51,BOOK_00052
52,BOOK_00053
53,BOOK_00054
54,BOOK_00055
55,BOOK_00056
56,BOOK_00057
57,BOOK_00058
58,BOOK_00059
59,BOOK_00060
60,BOOK_00061
61,BOOK_00062
62,BOOK_00063
63,BOOK_00064
64,BOOK_00065
65,BOOK_00066
66,BOOK_00067
67,BOOK_00068
68,BOOK_00069
69,BOOK_00070
70,BOOK_00071
71,BOOK_00072
72,BOOK_00073
73,BOOK_00074
74,BOOK_00075
75,BOOK_00076
76,BOOK_00077
77,BOOK_00078
78,BOOK_00079
79,BOOK_00080
80,BOOK_00081
81,BOOK_00082
82,BOOK_00083
83,BOOK_00084
84,BOOK_00085
85,BOOK_00086
86,BOOK_00087
87,BOOK_00088
88,BOOK_00089
89,BOOK_00090
90,BOOK_00091
91,BOOK_00092
92,BOOK_00093
93,BOOK_00094
94,BOOK_00095
95,BOOK_00096
96,BOOK_00097
97,BOOK_00098
98,BOOK_00099
99,BOOK_00100
100,BOOK_00101
101,BOOK_00102
102,BOOK_00103
103,BOOK_00104
104,BOOK_00105
105,BOOK_00106
106,BOOK_00107
107,BOOK_00108
108,BOOK_00109
109,BOOK_00110
110,BOOK_00111
111,BOOK_00112
112,BOOK_00113
113,BOOK_00114
114,BOOK_00115
115,BOOK_00116
116,BOOK_00117
117,BOOK_00118
118,BOOK_00119
119,BOOK_00120
120,BOOK_00121
121,BOOK_00122
122,BOOK_00123
123,BOOK_00124
124,BOOK_00125
125,BOOK_00126
126,BOOK_00127
127,BOOK_00128
128,BOOK_00129
129,BOOK_00130
130,BOOK_00131
131,BOOK_00132
132,BOOK_00133
133,BOOK_00134
134,BOOK_00135
135,BOOK_00136
136,BOOK_00137
137,BOOK_00138
138,BOOK_00139
139,BOOK_00140
140,BOOK_00141
141,BOOK_00142
142,BOOK_00143
143,BOOK_00144
144,BOOK_00145
145,BOOK_00146
146,BOOK_00147
147,BOOK_00148
148,BOOK_00149
149,BOOK_00150
150,BOOK_00151
151,BOOK_00152
152,BOOK_00153
153,BOOK_00154
154,BOOK_00155
155,BOOK_00156
156,BOOK_00157
157,BOOK_00158
158,BOOK_00159
159,BOOK_00160
160,BOOK_00161
161,BOOK_00162
162,BOOK_00163
163,BOOK_00164
164,BOOK_00165
165,BOOK_00166
166,BOOK_00167
167,BOOK_00168
168,BOOK_00169
169,BOOK_00170
170,BOOK_00171
171,BOOK_00172
172,BOOK_00173
173,BOOK_00174
174,BOOK_00175
175,BOOK_00176
176,BOOK_00177
177,BOOK_00178
178,BOOK_00179
179,BOOK_00180
180,BOOK_00181
181,BOOK_00182
182,BOOK_00183
183,BOOK_00184
184,BOOK_00185
185,BOOK_00186
186,BOOK_00187
187,BOOK_00188
188,BOOK_00189
189,BOOK_00190
190,BOOK_00191
191,BOOK_00192
192,BOOK_00193
193,BOOK_00194
194,BOOK_00195
195,BOOK_00196
196,BOOK_00197
197,BOOK_00198
198,BOOK_00199
199,BOOK_00200
200,BOOK_00201
201,BOOK_00202
202,BOOK_00203
203,BOOK_00204
204,BOOK_00205
205,BOOK_00206
206,BOOK_00207
207,BOOK_00208
208,BOOK_00209
209,BOOK_00210
210,BOOK_00211
211,BOOK_00212
212,BOOK_00213
213,BOOK_00214
214,BOOK_00215
215,BOOK_00216
216,BOOK_00217
217,BOOK_00218
218,BOOK_00219
219,BOOK_00220
220,BOOK_00221
221,BOOK_00222
222,BOOK_00223
223,BOOK_00224
224,BOOK_00225
225,BOOK_00226
226,BOOK_00227
227,BOOK_00228
228,BOOK_00229
229,BOOK_00230
230,BOOK_00231
231,BOOK_00232
232,BOOK_00233
233,BOOK_00234
234,BOOK_00235
235,BOOK_00236
236,BOOK_00237
237,BOOK_00238
238,BOOK_00239
239,BOOK_00240
240,BOOK_00241
241,BOOK_00242
242,BOOK_00243
243,BOOK_00244
244,BOOK_00245
245,BOOK_00246
246,BOOK_00247
247,BOOK_00248
248,BOOK_00249
249,BOOK_00250
250,BOOK_00251
251,BOOK_00252
252,BOOK_00253
253,BOOK_00254
254,BOOK_00255
255,BOOK_00256
256,BOOK_00257
257,BOOK_00258
258,BOOK_00259
259,BOOK_00260
260,BOOK_00261
261,BOOK_00262
262,BOOK_00263
263,BOOK_00264
264,BOOK_00265
265,BOOK_00266
266,BOOK_00267
267,BOOK_00268
268,BOOK_00269
269,BOOK_00270
270,BOOK_00271
271,BOOK_00272
272,BOOK_00273
273,BOOK_00274
274,BOOK_00275
275,BOOK_00276
276,BOOK_00277
277,BOOK_00278
278,BOOK_00279
279,BOOK_00280
280,BOOK_00281
281,BOOK_00282
282,BOOK_00283
283,BOOK_00284
284,BOOK_00285
285,BOOK_00286
286,BOOK_00287
287,BOOK_00288
288,BOOK_00289
289,BOOK_00290
290,BOOK_00291
291,BOOK_00292
292,BOOK_00293
293,BOOK_00294
294,BOOK_00295
295,BOOK_00296
296,BOOK_00297
297,BOOK_00298
298,BOOK_00299
299,BOOK_00300
300,BOOK_00301
301,BOOK_00302
302,BOOK_00303
303,BOOK_00304
304,BOOK_00305
305,BOOK_00306
306,BOOK_00307
307,BOOK_00308
308,BOOK_00309
309,BOOK_00310
310,BOOK_00311
311,BOOK_00312
312,BOOK_00313
313,BOOK_00314
314,BOOK_00315
315,BOOK_00316
316,BOOK_00317
317,BOOK_00318
318,BOOK_00319
319,BOOK_00320
320,BOOK_00321
321,BOOK_00322
322,BOOK_00323
323,BOOK_00324
324,BOOK_00325
325,BOOK_00326
326,BOOK_00327
327,BOOK_00328
328,BOOK_00329
329,BOOK_00330
330,BOOK_00331
331,BOOK_00332
332,BOOK_00333
333,BOOK_00334
334,BOOK_00335
335,BOOK_00336
336,BOOK_00337
337,BOOK_00338
338,BOOK_00339
339,BOOK_00340
340,BOOK_00341
341,BOOK_00342
342,BOOK_00343
343,BOOK_00344
344,BOOK_00345
345,BOOK_00346
346,BOOK_00347
347,BOOK_00348
348,BOOK_00349
349,BOOK_00350
350,BOOK_00351
351,BOOK_00352
352,BOOK_00353
353,BOOK_00354
354,BOOK_00355
355,BOOK_00356
356,BOOK_00357
357,BOOK_00358
358,BOOK_00359
359,BOOK_00360
360,BOOK_00361
361,BOOK_00362
362,BOOK_00363
363,BOOK_00364
364,BOOK_00365
365,BOOK_00366
366,BOOK_00367
367,BOOK_00368
368,BOOK_00369
369,BOOK_00370
370,BOOK_00371
371,BOOK_00372
372,BOOK_00373
373,BOOK_00374
374,BOOK_00375
375,BOOK_00376
376,BOOK_00377
377,BOOK_00378
378,BOOK_00379
379,BOOK_00380
380,BOOK_00381
381,BOOK_00382
382,BOOK_00383
383,BOOK_00384
384,BOOK_00385
385,BOOK_00386
386,BOOK_00387
387,BOOK_00388
388,BOOK_00389
389,BOOK_00390
390,BOOK_00391
391,BOOK_00392
392,BOOK_00393
393,BOOK_00394
394,BOOK_00395
395,BOOK_00396
396,BOOK_00397
397,BOOK_00398
398,BOOK_00399
399,BOOK_00400
400,BOOK_00401
401,BOOK_00402
402,BOOK_00403
403,BOOK_00404
404,BOOK_00405
405,BOOK_00406
406,BOOK_00407
407,BOOK_00408
408,BOOK_00409
409,BOOK_00410
410,BOOK_00411
411,BOOK_00412
412,BOOK_00413
413,BOOK_00414
414,BOOK_00415
415,BOOK_00416
416,BOOK_00417
417,BOOK_00418
418,BOOK_00419
419,BOOK_00420
420,BOOK_00421
421,BOOK_00422
422,BOOK_00423
423,BOOK_00424
424,BOOK_00425
425,BOOK_00426
426,BOOK_00427
427,BOOK_00428
428,BOOK_00429
429,BOOK_00430
430,BOOK_00431
431,BOOK_00432
432,BOOK_00433
433,BOOK_00434
434,BOOK_00435
435,BOOK_00436
436,BOOK_00437
437,BOOK_00438
438,BOOK_00439
439,BOOK_00440
440,BOOK_00441
441,BOOK_00442
442,BOOK_00443
443,BOOK_00444
444,BOOK_00445
445,BOOK_00446
446,BOOK_00447
447,BOOK_00448
448,BOOK_00449
449,BOOK_00450
450,BOOK_00451
451,BOOK_00452
452,BOOK_00453
453,BOOK_00454
454,BOOK_00455
455,BOOK_00456
456,BOOK_00457
457,BOOK_00458
458,BOOK_00459
459,BOOK_00460
460,BOOK_00461
461,BOOK_00462
462,BOOK_00463
463,BOOK_00464
464,BOOK_00465
465,BOOK_00466
466,BOOK_00467
467,BOOK_00468
468,BOOK_00469
469,BOOK_00470
470,BOOK_00471
471,BOOK_00472
472,BOOK_00473
473,BOOK_00474
474,BOOK_00475
475,BOOK_00476
476,BOOK_00477
477,BOOK_00478
478,BOOK_00479
479,BOOK_00480
480,BOOK_00481
481,BOOK_00482
482,BOOK_00483
483,BOOK_00484
484,BOOK_00485
485,BOOK_00486
486,BOOK_00487
487,BOOK_00488
488,BOOK_00489
489,BOOK_00490
490,BOOK_00491
491,BOOK_00492
492,BOOK_00493
493,BOOK_00494
494,BOOK_00495
495,BOOK_00496
496,BOOK_00497
497,BOOK_00498
498,BOOK_00499
499,BOOK_00500
500,BOOK_00501
501,BOOK_00502
502,BOOK_00503
503,BOOK_00504
504,BOOK_00505
505,BOOK_00506
506,BOOK_00507
507,BOOK_00508
508,BOOK_00509
509,BOOK_00510
510,BOOK_00511
511,BOOK_00512
512,BOOK_00513
513,BOOK_00514
514,BOOK_00515
515,BOOK_00516
516,BOOK_00517
517,BOOK_00518
518,BOOK_00519
519,BOOK_00520
520,BOOK_00521
521,BOOK_00522
522,BOOK_00523
523,BOOK_00524
524,BOOK_00525
525,BOOK_00526
526,BOOK_00527
527,BOOK_00528
528,BOOK_00529
529,BOOK_00530
530,BOOK_00531
531,BOOK_00532
532,BOOK_00533
533,BOOK_00534
534,BOOK_00535
535,BOOK_00536
536,BOOK_00537
537,BOOK_00538
538,BOOK_00539
539,BOOK_00540
540,BOOK_00541
541,BOOK_00542
542,BOOK_00543
543,BOOK_00544
544,BOOK_00545
545,BOOK_00546
546,BOOK_00547
547,BOOK_00548
548,BOOK_00549
549,BOOK_00550
550,BOOK_00551
551,BOOK_00552
552,BOOK_00553
553,BOOK_00554
554,BOOK_00555
555,BOOK_00556
556,BOOK_00557
557,BOOK_00558
558,BOOK_00559
559,BOOK_00560
560,BOOK_00561
561,BOOK_00562
562,BOOK_00563
563,BOOK_00564
564,BOOK_00565
565,BOOK_00566
566,BOOK_00567
567,BOOK_00568
568,BOOK_00569
569,BOOK_00570
570,BOOK_00571
571,BOOK_00572
572,BOOK_00573
573,BOOK_00574
574,BOOK_00575
575,BOOK_00576
576,BOOK_00577
577,BOOK_00578
578,BOOK_00579
579,BOOK_00580
580,BOOK_00581
581,BOOK_00582
582,BOOK_00583
583,BOOK_00584
584,BOOK_00585
585,BOOK_00586
586,BOOK_00587
587,BOOK_00588
588,BOOK_00589
589,BOOK_00590
590,BOOK_00591
591,BOOK_00592
592,BOOK_00593
593,BOOK_00594
594,BOOK_00595
595,BOOK_00596
596,BOOK_00597
597,BOOK_00598
598,BOOK_00599
599,BOOK_00600
600,BOOK_00601
601,BOOK_00602
602,BOOK_00603
603,BOOK_00604
604,BOOK_00605
605,BOOK_00606
606,BOOK_00607
607,BOOK_00608
608,BOOK_00609
609,BOOK_00610
610,BOOK_00611
611,BOOK_00612
612,BOOK_00613
613,BOOK_00614
614,BOOK_00615
615,BOOK_00616
616,BOOK_00617
617,BOOK_00618
618,BOOK_00619
619,BOOK_00620
620,BOOK_00621
621,BOOK_00622
622,BOOK_00623
623,BOOK_00624
624,BOOK_00625
625,BOOK_00626
626,BOOK_00627
627,BOOK_00628
628,BOOK_00629
629,BOOK_00630
630,BOOK_00631
631,BOOK_00632
632,BOOK_00633
633,BOOK_00634
634,BOOK_00635
635,BOOK_00636
636,BOOK_00637
637,BOOK_00638
638,BOOK_00639
639,BOOK_00640
640,BOOK_00641
641,BOOK_00642
642,BOOK_00643
643,BOOK_00644
644,BOOK_00645
645,BOOK_00646
646,BOOK_00647
647,BOOK_00648
648,BOOK_00649
649,BOOK_00650
650,BOOK_00651
651,BOOK_00652
652,BOOK_00653
653,BOOK_00654
654,BOOK_00655
655,BOOK_00656
656,BOOK_00657
657,BOOK_00658
658,BOOK_00659
659,BOOK_00660
660,BOOK_00661
661,BOOK_00662
662,BOOK_00663
663,BOOK_00664
664,BOOK_00665
665,BOOK_00666
666,BOOK_00667
667,BOOK_00668
668,BOOK_00669
669,BOOK_00670
670,BOOK_00671
671,BOOK_00672
672,BOOK_00673
673,BOOK_00674
674,BOOK_00675
675,BOOK_00676
676,BOOK_00677
677,BOOK_00678
678,BOOK_00679
679,BOOK_00680
680,BOOK_00681
681,BOOK_00682
682,BOOK_00683
683,BOOK_00684
684,BOOK_00685
685,BOOK_00686
686,BOOK_00687
687,BOOK_00688
688,BOOK_00689
689,BOOK_00690
690,BOOK_00691
691,BOOK_00692
692,BOOK_00693
693,BOOK_00694
694,BOOK_00695
695,BOOK_00696
696,BOOK_00697
697,BOOK_00698
698,BOOK_00699
699,BOOK_00700
700,BOOK_00701
701,BOOK_00702
702,BOOK_00703
703,BOOK_00704
704,BOOK_00705
705,BOOK_00706
706,BOOK_00707
707,BOOK_00708
708,BOOK_00709
709,BOOK_00710
710,BOOK_00711
711,BOOK_00712
712,BOOK_00713
713,BOOK_00714
714,BOOK_00715
715,BOOK_00716
716,BOOK_00717
717,BOOK_00718
718,BOOK_00719
719,BOOK_00720
720,BOOK_00721
721,BOOK_00722
722,BOOK_00723
723,BOOK_00724
724,BOOK_00725
725,BOOK_00726
726,BOOK_00727
727,BOOK_00728
728,BOOK_00729
729,BOOK_00730
730,BOOK_00731
731,BOOK_00732
732,BOOK_00733
733,BOOK_00734
734,BOOK_00735
735,BOOK_00736
736,BOOK_00737
737,BOOK_00738
738,BOOK_00739
739,BOOK_00740
740,BOOK_00741
741,BOOK_00742
742,BOOK_00743
743,BOOK_00744
744,BOOK_00745
745,BOOK_00746
746,BOOK_00747
747,BOOK_00748
748,BOOK_00749
749,BOOK_00750
750,BOOK_00751
751,BOOK_00752
752,BOOK_00753
753,BOOK_00754
754,BOOK_00755
755,BOOK_00756
756,BOOK_00757
757,BOOK_00758
758,BOOK_00759
759,BOOK_00760
760,BOOK_00761
761,BOOK_00762
762,BOOK_00763
763,BOOK_00764
764,BOOK_00765
765,BOOK_00766
766,BOOK_00767
767,BOOK_00768
768,BOOK_00769
769,BOOK_00770
770,BOOK_00771
771,BOOK_00772
772,BOOK_00773
773,BOOK_00774
774,BOOK_00775
775,BOOK_00776
776,BOOK_00777
777,BOOK_00778
778,BOOK_00779
779,BOOK_00780
780,BOOK_00781
781,BOOK_00782
782,BOOK_00783
783,BOOK_00784
784,BOOK_00785
785,BOOK_00786
786,BOOK_00787
787,BOOK_00788
788,BOOK_00789
789,BOOK_00790
790,BOOK_00791
791,BOOK_00792
792,BOOK_00793
793,BOOK_00794
794,BOOK_00795
795,BOOK_00796
796,BOOK_00797
797,BOOK_00798
798,BOOK_00799
799,BOOK_00800
800,BOOK_00801
801,BOOK_00802
802,BOOK_00803
803,BOOK_00804
804,BOOK_00805
805,BOOK_00806
806,BOOK_00807
807,BOOK_00808
808,BOOK_00809
809,BOOK_00810
810,BOOK_00811
811,BOOK_00812
812,BOOK_00813
813,BOOK_00814
814,BOOK_00815
815,BOOK_00816
816,BOOK_00817
817,BOOK_00818
818,BOOK_00819
819,BOOK_00820
820,BOOK_00821
821,BOOK_00822
822,BOOK_00823
823,BOOK_00824
824,BOOK_00825
825,BOOK_00826
826,BOOK_00827
827,BOOK_00828
828,BOOK_00829
829,BOOK_00830
830,BOOK_00831
831,BOOK_00832
832,BOOK_00833
833,BOOK_00834
834,BOOK_00835
835,BOOK_00836
836,BOOK_00837
837,BOOK_00838
838,BOOK_00839
839,BOOK_00840
840,BOOK_00841
841,BOOK_00842
842,BOOK_00843
843,BOOK_00844
844,BOOK_00845
845,BOOK_00846
846,BOOK_00847
847,BOOK_00848
848,BOOK_00849
849,BOOK_00850
850,BOOK_00851
851,BOOK_00852
852,BOOK_00853
853,BOOK_00854
854,BOOK_00855
855,BOOK_00856
856,BOOK_00857
857,BOOK_00858
858,BOOK_00859
859,BOOK_00860
860,BOOK_00861
861,BOOK_00862
862,BOOK_00863
863,BOOK_00864
864,BOOK_00865
865,BOOK_00866
866,BOOK_00867
867,BOOK_00868
868,BOOK_00869
869,BOOK_00870
870,BOOK_00871
871,BOOK_00872
872,BOOK_00873
873,BOOK_00874
874,BOOK_00875
875,BOOK_00876
876,BOOK_00877
877,BOOK_00878
878,BOOK_00879
879,BOOK_00880
880,BOOK_00881
881,BOOK_00882
882,BOOK_00883
883,BOOK_00884
884,BOOK_00885
885,BOOK_00886
886,BOOK_00887
887,BOOK_00888
888,BOOK_00889
889,BOOK_00890
890,BOOK_00891
891,BOOK_00892
892,BOOK_00893
893,BOOK_00894
894,BOOK_00895
895,BOOK_00896
896,BOOK_00897
897,BOOK_00898
898,BOOK_00899
899,BOOK_00900
900,BOOK_00901
901,BOOK_00902
902,BOOK_00903
903,BOOK_00904
904,BOOK_00905
905,BOOK_00906
906,BOOK_00907
907,BOOK_00908
908,BOOK_00909
909,BOOK_00910
910,BOOK_00911
911,BOOK_00912
912,BOOK_00913
913,BOOK_00914
914,BOOK_00915
915,BOOK_00916
916,BOOK_00917
917,BOOK_00918
918,BOOK_00919
919,BOOK_00920
920,BOOK_00921
921,BOOK_00922
922,BOOK_00923
923,BOOK_00924
924,BOOK_00925
925,BOOK_00926
926,BOOK_00927
927,BOOK_00928
928,BOOK_00929
929,BOOK_00930
930,BOOK_00931
931,BOOK_00932
932,BOOK_00933
933,BOOK_00934
934,BOOK_00935
935,BOOK_00936
936,BOOK_00937
937,BOOK_00938
938,BOOK_00939
939,BOOK_00940
940,BOOK_00941
941,BOOK_00942
942,BOOK_00943
943,BOOK_00944
944,BOOK_00945
945,BOOK_00946
946,BOOK_00947
947,BOOK_00948
948,BOOK_00949
949,BOOK_00950
950,BOOK_00951
951,BOOK_00952
952,BOOK_00953
953,BOOK_00954
954,BOOK_00955
955,BOOK_00956
956,BOOK_00957
957,BOOK_00958
958,BOOK_00959
959,BOOK_00960
960,BOOK_00961
961,BOOK_00962
962,BOOK_00963
963,BOOK_00964
964,BOOK_00965
965,BOOK_00966
966,BOOK_00967
967,BOOK_00968
968,BOOK_00969
969,BOOK_00970
970,BOOK_00971
971,BOOK_00972
972,BOOK_00973
973,BOOK_00974
974,BOOK_00975
975,BOOK_00976
976,BOOK_00977
977,BOOK_00978
978,BOOK_00979
979,BOOK_00980
980,BOOK_00981
981,BOOK_00982
982,BOOK_00983
983,BOOK_00984
984,BOOK_00985
985,BOOK_00986
986,BOOK_00987
987,BOOK_00988
988,BOOK_00989
989,BOOK_00990
990,BOOK_00991
991,BOOK_00992
992,BOOK_00993
993,BOOK_00994
994,BOOK_00995
995,BOOK_00996
996,BOOK_00997
997,BOOK_00998
998,BOOK_00999
999,BOOK_01000
1000,BOOK_01001
1001,BOOK_01002
1002,BOOK_01003
1003,BOOK_01004
1004,BOOK_01005
1005,BOOK_01006
1006,BOOK_01007
1007,BOOK_01008
1008,BOOK_01009
1009,BOOK_01010
1010,BOOK_01011
1011,BOOK_01012
1012,BOOK_01013
1013,BOOK_01014
1014,BOOK_01015
1015,BOOK_01016
1016,BOOK_01017
1017,BOOK_01018
1018,BOOK_01019
1019,BOOK_01020
1020,BOOK_01021
1021,BOOK_01022
1022,BOOK_01023
1023,BOOK_01024
1024,BOOK_01025
1025,BOOK_01026
1026,BOOK_01027
1027,BOOK_01028
1028,BOOK_01029
1029,BOOK_01030
1030,BOOK_01031
1031,BOOK_01032
1032,BOOK_01033
1033,BOOK_01034
1034,BOOK_01035
1035,BOOK_01036
1036,BOOK_01037
1037,BOOK_01038
1038,BOOK_01039
1039,BOOK_01040
1040,BOOK_01041
1041,BOOK_01042
1042,BOOK_01043
1043,BOOK_01044
1044,BOOK_01045
1045,BOOK_01046
1046,BOOK_01047
1047,BOOK_01048
1048,BOOK_01049
1049,BOOK_01050
1050,BOOK_01051
1051,BOOK_01052
1052,BOOK_01053
1053,BOOK_01054
1054,BOOK_01055
1055,BOOK_01056
1056,BOOK_01057
1057,BOOK_01058
1058,BOOK_01059
1059,BOOK_01060
1060,BOOK_01061
1061,BOOK_01062
1062,BOOK_01063
1063,BOOK_01064
1064,BOOK_01065
1065,BOOK_01066
1066,BOOK_01067
1067,BOOK_01068
1068,BOOK_01069
1069,BOOK_01070
1070,BOOK_01071
1071,BOOK_01072
1072,BOOK_01073
1073,BOOK_01074
1074,BOOK_01075
1075,BOOK_01076
1076,BOOK_01077
1077,BOOK_01078
1078,BOOK_01079
1079,BOOK_01080
1080,BOOK_01081
1081,BOOK_01082
1082,BOOK_01083
1083,BOOK_01084
1084,BOOK_01085
1085,BOOK_01086
1086,BOOK_01087
1087,BOOK_01088
1088,BOOK_01089
1089,BOOK_01090
1090,BOOK_01091
1091,BOOK_01092
1092,BOOK_01093
1093,BOOK_01094
1094,BOOK_01095
1095,BOOK_01096
1096,BOOK_01097
1097,BOOK_01098
1098,BOOK_01099
1099,BOOK_01100
1100,BOOK_01101
1101,BOOK_01102
1102,BOOK_01103
1103,BOOK_01104
1104,BOOK_01105
1105,BOOK_01106
1106,BOOK_01107
1107,BOOK_01108
1108,BOOK_01109
1109,BOOK_01110
1110,BOOK_01111
1111,BOOK_01112
1112,BOOK_01113
1113,BOOK_01114
1114,BOOK_01115
1115,BOOK_01116
1116,BOOK_01117
1117,BOOK_01118
1118,BOOK_01119
1119,BOOK_01120
1120,BOOK_01121
1121,BOOK_01122
1122,BOOK_01123
1123,BOOK_01124
1124,BOOK_01125
1125,BOOK_01126
1126,BOOK_01127
1127,BOOK_01128
1128,BOOK_01129
1129,BOOK_01130
1130,BOOK_01131
1131,BOOK_01132
1132,BOOK_01133
1133,BOOK_01134
1134,BOOK_01135
1135,BOOK_01136
1136,BOOK_01137
1137,BOOK_01138
1138,BOOK_01139
1139,BOOK_01140
1140,BOOK_01141
1141,BOOK_01142
1142,BOOK_01143
1143,BOOK_01144
1144,BOOK_01145
1145,BOOK_01146
1146,BOOK_01147
1147,BOOK_01148
1148,BOOK_01149
1149,BOOK_01150
1150,BOOK_01151
1151,BOOK_01152
1152,BOOK_01153
1153,BOOK_01154
1154,BOOK_01155
1155,BOOK_01156
1156,BOOK_01157
1157,BOOK_01158
1158,BOOK_01159
1159,BOOK_01160
1160,BOOK_01161
1161,BOOK_01162
1162,BOOK_01163
1163,BOOK_01164
1164,BOOK_01165
1165,BOOK_01166
1166,BOOK_01167
1167,BOOK_01168
1168,BOOK_01169
1169,BOOK_01170
1170,BOOK_01171
1171,BOOK_01172
1172,BOOK_01173
1173,BOOK_01174
1174,BOOK_01175
1175,BOOK_01176
1176,BOOK_01177
1177,BOOK_01178
1178,BOOK_01179
1179,BOOK_01180
1180,BOOK_01181
1181,BOOK_01182
1182,BOOK_01183
1183,BOOK_01184
1184,BOOK_01185
1185,BOOK_01186
1186,BOOK_01187
1187,BOOK_01188
1188,BOOK_01189
1189,BOOK_01190
1190,BOOK_01191
1191,BOOK_01192
1192,BOOK_01193
1193,BOOK_01194
1194,BOOK_01195
1195,BOOK_01196
1196,BOOK_01197
1197,BOOK_01198
1198,BOOK_01199
1199,BOOK_01200
1200,BOOK_01201
1201,BOOK_01202
1202,BOOK_01203
1203,BOOK_01204
1204,BOOK_01205
1205,BOOK_01206
1206,BOOK_01207
1207,BOOK_01208
1208,BOOK_01209
1209,BOOK_01210
1210,BOOK_01211
1211,BOOK_01212
1212,BOOK_01213
1213,BOOK_01214
1214,BOOK_01215
1215,BOOK_01216
1216,BOOK_01217
1217,BOOK_01218
1218,BOOK_01219
1219,BOOK_01220
1220,BOOK_01221
1221,BOOK_01222
1222,BOOK_01223
1223,BOOK_01224
1224,BOOK_01225
1225,BOOK_01226
1226,BOOK_01227
1227,BOOK_01228
1228,BOOK_01229
1229,BOOK_01230
1230,BOOK_01231
1231,BOOK_01232
1232,BOOK_01233
1233,BOOK_01234
1234,BOOK_01235
1235,BOOK_01236
1236,BOOK_01237
1237,BOOK_01238
1238,BOOK_01239
1239,BOOK_01240
1240,BOOK_01241
1241,BOOK_01242
1242,BOOK_01243
1243,BOOK_01244
1244,BOOK_01245
1245,BOOK_01246
1246,BOOK_01247
1247,BOOK_01248
1248,BOOK_01249
1249,BOOK_01250
1250,BOOK_01251
1251,BOOK_01252
1252,BOOK_01253
1253,BOOK_01254
1254,BOOK_01255
1255,BOOK_01256
1256,BOOK_01257
1257,BOOK_01258
1258,BOOK_01259
1259,BOOK_01260
1260,BOOK_01261
1261,BOOK_01262
1262,BOOK_01263
1263,BOOK_01264
1264,BOOK_01265
1265,BOOK_01266
1266,BOOK_01267
1267,BOOK_01268
1268,BOOK_01269
1269,BOOK_01270
1270,BOOK_01271
1271,BOOK_01272
1272,BOOK_01273
1273,BOOK_01274
1274,BOOK_01275
1275,BOOK_01276
1276,BOOK_01277
1277,BOOK_01278
1278,BOOK_01279
1279,BOOK_01280
1280,BOOK_01281
1281,BOOK_01282
1282,BOOK_01283
1283,BOOK_01284
1284,BOOK_01285
1285,BOOK_01286
1286,BOOK_01287
1287,BOOK_01288
1288,BOOK_01289
1289,BOOK_01290
1290,BOOK_01291
1291,BOOK_01292
1292,BOOK_01293
1293,BOOK_01294
1294,BOOK_01295
1295,BOOK_01296
1296,BOOK_01297
1297,BOOK_01298
1298,BOOK_01299
1299,BOOK_01300
1300,BOOK_01301
1301,BOOK_01302
1302,BOOK_01303
1303,BOOK_01304
1304,BOOK_01305
1305,BOOK_01306
1306,BOOK_01307
1307,BOOK_01308
1308,BOOK_01309
1309,BOOK_01310
1310,BOOK_01311
1311,BOOK_01312
1312,BOOK_01313
1313,BOOK_01314
1314,BOOK_01315
1315,BOOK_01316
1316,BOOK_01317
1317,BOOK_01318
1318,BOOK_01319
1319,BOOK_01320
1320,BOOK_01321
1321,BOOK_01322
1322,BOOK_01323
1323,BOOK_01324
1324,BOOK_01325
1325,BOOK_01326
1326,BOOK_01327
1327,BOOK_01328
1328,BOOK_01329
1329,BOOK_01330
1330,BOOK_01331
1331,BOOK_01332
1332,BOOK_01333
1333,BOOK_01334
1334,BOOK_01335
1335,BOOK_01336
1336,BOOK_01337
1337,BOOK_01338
1338,BOOK_01339
1339,BOOK_01340
1340,BOOK_01341
1341,BOOK_01342
1342,BOOK_01343
1343,BOOK_01344
1344,BOOK_01345
1345,BOOK_01346
1346,BOOK_01347
1347,BOOK_01348
1348,BOOK_01349
1349,BOOK_01350
1350,BOOK_01351
1351,BOOK_01352
1352,BOOK_01353
1353,BOOK_01354
1354,BOOK_01355
1355,BOOK_01356
1356,BOOK_01357
1357,BOOK_01358
1358,BOOK_01359
1359,BOOK_01360
1360,BOOK_01361
1361,BOOK_01362
1362,BOOK_01363
1363,BOOK_01364
1364,BOOK_01365
1365,BOOK_01366
1366,BOOK_01367
1367,BOOK_01368
1368,BOOK_01369
1369,BOOK_01370
1370,BOOK_01371
1371,BOOK_01372
1372,BOOK_01373
1373,BOOK_01374
1374,BOOK_01375
1375,BOOK_01376
1376,BOOK_01377
1377,BOOK_01378
1378,BOOK_01379
1379,BOOK_01380
1380,BOOK_01381
1381,BOOK_01382
1382,BOOK_01383
1383,BOOK_01384
1384,BOOK_01385
1385,BOOK_01386
1386,BOOK_01387
1387,BOOK_01388
1388,BOOK_01389
1389,BOOK_01390
1390,BOOK_01391
1391,BOOK_01392
1392,BOOK_01393
1393,BOOK_01394
1394,BOOK_01395
1395,BOOK_01396
1396,BOOK_01397
1397,BOOK_01398
1398,BOOK_01399
1399,BOOK_01400
1400,BOOK_01401
1401,BOOK_01402
1402,BOOK_01403
1403,BOOK_01404
1404,BOOK_01405
1405,BOOK_01406
1406,BOOK_01407
1407,BOOK_01408
1408,BOOK_01409
1409,BOOK_01410
1410,BOOK_01411
1411,BOOK_01412
1412,BOOK_01413
1413,BOOK_01414
1414,BOOK_01415
1415,BOOK_01416
1416,BOOK_01417
1417,BOOK_01418
1418,BOOK_01419
1419,BOOK_01420
1420,BOOK_01421
1421,BOOK_01422
1422,BOOK_01423
1423,BOOK_01424
1424,BOOK_01425
1425,BOOK_01426
1426,BOOK_01427
1427,BOOK_01428
1428,BOOK_01429
1429,BOOK_01430
1430,BOOK_01431
1431,BOOK_01432
1432,BOOK_01433
1433,BOOK_01434
1434,BOOK_01435
1435,BOOK_01436
1436,BOOK_01437
1437,BOOK_01438
1438,BOOK_01439
1439,BOOK_01440
1440,BOOK_01441
1441,BOOK_01442
1442,BOOK_01443
1443,BOOK_01444
1444,BOOK_01445
1445,BOOK_01446
1446,BOOK_01447
1447,BOOK_01448
1448,BOOK_01449
1449,BOOK_01450
1450,BOOK_01451
1451,BOOK_01452
1452,BOOK_01453
1453,BOOK_01454
1454,BOOK_01455
1455,BOOK_01456
1456,BOOK_01457
1457,BOOK_01458
1458,BOOK_01459
1459,BOOK_01460
1460,BOOK_01461
1461,BOOK_01462
1462,BOOK_01463
1463,BOOK_01464
1464,BOOK_01465
1465,BOOK_01466
1466,BOOK_01467
1467,BOOK_01468
1468,BOOK_01469
1469,BOOK_01470
1470,BOOK_01471
1471,BOOK_01472
1472,BOOK_01473
1473,BOOK_01474
1474,BOOK_01475
1475,BOOK_01476
1476,BOOK_01477
1477,BOOK_01478
1478,BOOK_01479
1479,BOOK_01480
1480,BOOK_01481
1481,BOOK_01482
1482,BOOK_01483
1483,BOOK_01484
1484,BOOK_01485
1485,BOOK_01486
1486,BOOK_01487
1487,BOOK_01488
1488,BOOK_01489
1489,BOOK_01490
1490,BOOK_01491
1491,BOOK_01492
1492,BOOK_01493
1493,BOOK_01494
1494,BOOK_01495
1495,BOOK_01496
1496,BOOK_01497
1497,BOOK_01498
1498,BOOK_01499
1499,BOOK_01500
1500,BOOK_01501
1501,BOOK_01502
1502,BOOK_01503
1503,BOOK_01504
1504,BOOK_01505
1505,BOOK_01506
1506,BOOK_01507
1507,BOOK_01508
1508,BOOK_01509
1509,BOOK_01510
1510,BOOK_01511
1511,BOOK_01512
1512,BOOK_01513
1513,BOOK_01514
1514,BOOK_01515
1515,BOOK_01516
1516,BOOK_01517
1517,BOOK_01518
1518,BOOK_01519
1519,BOOK_01520
1520,BOOK_01521
1521,BOOK_01522
1522,BOOK_01523
1523,BOOK_01524
1524,BOOK_01525
1525,BOOK_01526
1526,BOOK_01527
1527,BOOK_01528
1528,BOOK_01529
1529,BOOK_01530
1530,BOOK_01531
1531,BOOK_01532
1532,BOOK_01533
1533,BOOK_01534
1534,BOOK_01535
1535,BOOK_01536
1536,BOOK_01537
1537,BOOK_01538
1538,BOOK_01539
1539,BOOK_01540
1540,BOOK_01541
1541,BOOK_01542
1542,BOOK_01543
1543,BOOK_01544
1544,BOOK_01545
1545,BOOK_01546
1546,BOOK_01547
1547,BOOK_01548
1548,BOOK_01549
1549,BOOK_01550
1550,BOOK_01551
1551,BOOK_01552
1552,BOOK_01553
1553,BOOK_01554
1554,BOOK_01555
1555,BOOK_01556
1556,BOOK_01557
1557,BOOK_01558
1558,BOOK_01559
1559,BOOK_01560
1560,BOOK_01561
1561,BOOK_01562
1562,BOOK_01563
1563,BOOK_01564
1564,BOOK_01565
1565,BOOK_01566
1566,BOOK_01567
1567,BOOK_01568
1568,BOOK_01569
1569,BOOK_01570
1570,BOOK_01571
1571,BOOK_01572
1572,BOOK_01573
1573,BOOK_01574
1574,BOOK_01575
1575,BOOK_01576
1576,BOOK_01577
1577,BOOK_01578
1578,BOOK_01579
1579,BOOK_01580
1580,BOOK_01581
1581,BOOK_01582
1582,BOOK_01583
1583,BOOK_01584
1584,BOOK_01585
1585,BOOK_01586
1586,BOOK_01587
1587,BOOK_01588
1588,BOOK_01589
1589,BOOK_01590
1590,BOOK_01591
1591,BOOK_01592
1592,BOOK_01593
1593,BOOK_01594
1594,BOOK_01595
1595,BOOK_01596
1596,BOOK_01597
1597,BOOK_01598
1598,BOOK_01599
1599,BOOK_01600
1600,BOOK_01601
1601,BOOK_01602
1602,BOOK_01603
1603,BOOK_01604
1604,BOOK_01605
1605,BOOK_01606
1606,BOOK_01607
1607,BOOK_01608
1608,BOOK_01609
1609,BOOK_01610
1610,BOOK_01611
1611,BOOK_01612
1612,BOOK_01613
1613,BOOK_01614
1614,BOOK_01615
1615,BOOK_01616
1616,BOOK_01617
1617,BOOK_01618
1618,BOOK_01619
1619,BOOK_01620
1620,BOOK_01621
1621,BOOK_01622
1622,BOOK_01623
1623,BOOK_01624
1624,BOOK_01625
1625,BOOK_01626
1626,BOOK_01627
1627,BOOK_01628
1628,BOOK_01629
1629,BOOK_01630
1630,BOOK_01631
1631,BOOK_01632
1632,BOOK_01633
1633,BOOK_01634
1634,BOOK_01635
1635,BOOK_01636
1636,BOOK_01637
1637,BOOK_01638
1638,BOOK_01639
1639,BOOK_01640
1640,BOOK_01641
1641,BOOK_01642
1642,BOOK_01643
1643,BOOK_01644
1644,BOOK_01645
1645,BOOK_01646
1646,BOOK_01647
1647,BOOK_01648
1648,BOOK_01649
1649,BOOK_01650
1650,BOOK_01651
1651,BOOK_01652
1652,BOOK_01653
1653,BOOK_01654
1654,BOOK_01655
1655,BOOK_01656
1656,BOOK_01657
1657,BOOK_01658
1658,BOOK_01659
1659,BOOK_01660
1660,BOOK_01661
1661,BOOK_01662
1662,BOOK_01663
1663,BOOK_01664
1664,BOOK_01665
1665,BOOK_01666
1666,BOOK_01667
1667,BOOK_01668
1668,BOOK_01669
1669,BOOK_01670
1670,BOOK_01671
1671,BOOK_01672
1672,BOOK_01673
1673,BOOK_01674
1674,BOOK_01675
1675,BOOK_01676
1676,BOOK_01677
1677,BOOK_01678
1678,BOOK_01679
1679,BOOK_01680
1680,BOOK_01681
1681,BOOK_01682
1682,BOOK_01683
1683,BOOK_01684
1684,BOOK_01685
1685,BOOK_01686
1686,BOOK_01687
1687,BOOK_01688
1688,BOOK_01689
1689,BOOK_01690
1690,BOOK_01691
1691,BOOK_01692
1692,BOOK_01693
1693,BOOK_01694
1694,BOOK_01695
1695,BOOK_01696
1696,BOOK_01697
1697,BOOK_01698
1698,BOOK_01699
1699,BOOK_01700
1700,BOOK_01701
1701,BOOK_01702
1702,BOOK_01703
1703,BOOK_01704
1704,BOOK_01705
1705,BOOK_01706
1706,BOOK_01707
1707,BOOK_01708
1708,BOOK_01709
1709,BOOK_01710
1710,BOOK_01711
1711,BOOK_01712
1712,BOOK_01713
1713,BOOK_01714
1714,BOOK_01715
1715,BOOK_01716
1716,BOOK_01717
1717,BOOK_01718
1718,BOOK_01719
1719,BOOK_01720
1720,BOOK_01721
1721,BOOK_01722
1722,BOOK_01723
1723,BOOK_01724
1724,BOOK_01725
1725,BOOK_01726
1726,BOOK_01727
1727,BOOK_01728
1728,BOOK_01729
1729,BOOK_01730
1730,BOOK_01731
1731,BOOK_01732
1732,BOOK_01733
1733,BOOK_01734
1734,BOOK_01735
1735,BOOK_01736
1736,BOOK_01737
1737,BOOK_01738
1738,BOOK_01739
1739,BOOK_01740
1740,BOOK_01741
1741,BOOK_01742
1742,BOOK_01743
1743,BOOK_01744
1744,BOOK_01745
1745,BOOK_01746
1746,BOOK_01747
1747,BOOK_01748
1748,BOOK_01749
1749,BOOK_01750
1750,BOOK_01751
1751,BOOK_01752
1752,BOOK_01753
1753,BOOK_01754
1754,BOOK_01755
1755,BOOK_01756
1756,BOOK_01757
1757,BOOK_01758
1758,BOOK_01759
1759,BOOK_01760
1760,BOOK_01761
1761,BOOK_01762
1762,BOOK_01763
1763,BOOK_01764
1764,BOOK_01765
1765,BOOK_01766
1766,BOOK_01767
1767,BOOK_01768
1768,BOOK_01769
1769,BOOK_01770
1770,BOOK_01771
1771,BOOK_01772
1772,BOOK_01773
1773,BOOK_01774
1774,BOOK_01775
1775,BOOK_01776
1776,BOOK_01777
1777,BOOK_01778
1778,BOOK_01779
1779,BOOK_01780
1780,BOOK_01781
1781,BOOK_01782
1782,BOOK_01783
1783,BOOK_01784
1784,BOOK_01785
1785,BOOK_01786
1786,BOOK_01787
1787,BOOK_01788
1788,BOOK_01789
1789,BOOK_01790
1790,BOOK_01791
1791,BOOK_01792
1792,BOOK_01793
1793,BOOK_01794
1794,BOOK_01795
1795,BOOK_01796
1796,BOOK_01797
1797,BOOK_01798
1798,BOOK_01799
1799,BOOK_01800
1800,BOOK_01801
1801,BOOK_01802
1802,BOOK_01803
1803,BOOK_01804
1804,BOOK_01805
1805,BOOK_01806
1806,BOOK_01807
1807,BOOK_01808
1808,BOOK_01809
1809,BOOK_01810
1810,BOOK_01811
1811,BOOK_01812
1812,BOOK_01813
1813,BOOK_01814
1814,BOOK_01815
1815,BOOK_01816
1816,BOOK_01817
1817,BOOK_01818
1818,BOOK_01819
1819,BOOK_01820
1820,BOOK_01821
1821,BOOK_01822
1822,BOOK_01823
1823,BOOK_01824
1824,BOOK_01825
1825,BOOK_01826
1826,BOOK_01827
1827,BOOK_01828
1828,BOOK_01829
1829,BOOK_01830
1830,BOOK_01831
1831,BOOK_01832
1832,BOOK_01833
1833,BOOK_01834
1834,BOOK_01835
1835,BOOK_01836
1836,BOOK_01837
1837,BOOK_01838
1838,BOOK_01839
1839,BOOK_01840
1840,BOOK_01841
1841,BOOK_01842
1842,BOOK_01843
1843,BOOK_01844
1844,BOOK_01845
1845,BOOK_01846
1846,BOOK_01847
1847,BOOK_01848
1848,BOOK_01849
1849,BOOK_01850
1850,BOOK_01851
1851,BOOK_01852
1852,BOOK_01853
1853,BOOK_01854
1854,BOOK_01855
1855,BOOK_01856
1856,BOOK_01857
1857,BOOK_01858
1858,BOOK_01859
1859,BOOK_01860
1860,BOOK_01861
1861,BOOK_01862
1862,BOOK_01863
1863,BOOK_01864
1864,BOOK_01865
1865,BOOK_01866
1866,BOOK_01867
1867,BOOK_01868
1868,BOOK_01869
1869,BOOK_01870
1870,BOOK_01871
1871,BOOK_01872
1872,BOOK_01873
1873,BOOK_01874
1874,BOOK_01875
1875,BOOK_01876
1876,BOOK_01877
1877,BOOK_01878
1878,BOOK_01879
1879,BOOK_01880
1880,BOOK_01881
1881,BOOK_01882
1882,BOOK_01883
1883,BOOK_01884
1884,BOOK_01885
1885,BOOK_01886
1886,BOOK_01887
1887,BOOK_01888
1888,BOOK_01889
1889,BOOK_01890
1890,BOOK_01891
1891,BOOK_01892
1892,BOOK_01893
1893,BOOK_01894
1894,BOOK_01895
1895,BOOK_01896
1896,BOOK_01897
1897,BOOK_01898
1898,BOOK_01899
1899,BOOK_01900
1900,BOOK_01901
1901,BOOK_01902
1902,BOOK_01903
1903,BOOK_01904
1904,BOOK_01905
1905,BOOK_01906
1906,BOOK_01907
1907,BOOK_01908
1908,BOOK_01909
1909,BOOK_01910
1910,BOOK_01911
1911,BOOK_01912
1912,BOOK_01913
1913,BOOK_01914
1914,BOOK_01915
1915,BOOK_01916
1916,BOOK_01917
1917,BOOK_01918
1918,BOOK_01919
1919,BOOK_01920
1920,BOOK_01921
1921,BOOK_01922
1922,BOOK_01923
1923,BOOK_01924
1924,BOOK_01925
1925,BOOK_01926
1926,BOOK_01927
1927,BOOK_01928
1928,BOOK_01929
1929,BOOK_01930
1930,BOOK_01931
1931,BOOK_01932
1932,BOOK_01933
1933,BOOK_01934
1934,BOOK_01935
1935,BOOK_01936
1936,BOOK_01937
1937,BOOK_01938
1938,BOOK_01939
1939,BOOK_01940
1940,BOOK_01941
1941,BOOK_01942
1942,BOOK_01943
1943,BOOK_01944
1944,BOOK_01945
1945,BOOK_01946
1946,BOOK_01947
1947,BOOK_01948
1948,BOOK_01949
1949,BOOK_01950
1950,BOOK_01951
1951,BOOK_01952
1952,BOOK_01953
1953,BOOK_01954
1954,BOOK_01955
1955,BOOK_01956
1956,BOOK_01957
1957,BOOK_01958
1958,BOOK_01959
1959,BOOK_01960
1960,BOOK_01961
1961,BOOK_01962
1962,BOOK_01963
1963,BOOK_01964
1964,BOOK_01965
1965,BOOK_01966
1966,BOOK_01967
1967,BOOK_01968
1968,BOOK_01969
1969,BOOK_01970
1970,BOOK_01971
1971,BOOK_01972
1972,BOOK_01973
1973,BOOK_01974
1974,BOOK_01975
1975,BOOK_01976
1976,BOOK_01977
1977,BOOK_01978
1978,BOOK_01979
1979,BOOK_01980
1980,BOOK_01981
1981,BOOK_01982
1982,BOOK_01983
1983,BOOK_01984
1984,BOOK_01985
1985,BOOK_01986
1986,BOOK_01987
1987,BOOK_01988
1988,BOOK_01989
1989,BOOK_01990
1990,BOOK_01991
1991,BOOK_01992
1992,BOOK_01993
1993,BOOK_01994
1994,BOOK_01995
1995,BOOK_01996
1996,BOOK_01997
1997,BOOK_01998
1998,BOOK_01999
1999,BOOK_02000
2000,BOOK_02001
2001,BOOK_02002
2002,BOOK_02003
2003,BOOK_02004
2004,BOOK_02005
2005,BOOK_02006
2006,BOOK_02007
2007,BOOK_02008
2008,BOOK_02009
2009,BOOK_02010
2010,BOOK_02011
2011,BOOK_02012
2012,BOOK_02013
2013,BOOK_02014
2014,BOOK_02015
2015,BOOK_02016
2016,BOOK_02017
2017,BOOK_02018
2018,BOOK_02019
2019,BOOK_02020
2020,BOOK_02021
2021,BOOK_02022
2022,BOOK_02023
2023,BOOK_02024
2024,BOOK_02025
2025,BOOK_02026
2026,BOOK_02027
2027,BOOK_02028
2028,BOOK_02029
2029,BOOK_02030
2030,BOOK_02031
2031,BOOK_02032
2032,BOOK_02033
2033,BOOK_02034
2034,BOOK_02035
2035,BOOK_02036
2036,BOOK_02037
2037,BOOK_02038
2038,BOOK_02039
2039,BOOK_02040
2040,BOOK_02041
2041,BOOK_02042
2042,BOOK_02043
2043,BOOK_02044
2044,BOOK_02045
2045,BOOK_02046
2046,BOOK_02047
2047,BOOK_02048
2048,BOOK_02049
2049,BOOK_02050
2050,BOOK_02051
2051,BOOK_02052
2052,BOOK_02053
2053,BOOK_02054
2054,BOOK_02055
2055,BOOK_02056
2056,BOOK_02057
2057,BOOK_02058
2058,BOOK_02059
2059,BOOK_02060
2060,BOOK_02061
2061,BOOK_02062
2062,BOOK_02063
2063,BOOK_02064
2064,BOOK_02065
2065,BOOK_02066
2066,BOOK_02067
2067,BOOK_02068
2068,BOOK_02069
2069,BOOK_02070
2070,BOOK_02071
2071,BOOK_02072
2072,BOOK_02073
2073,BOOK_02074
2074,BOOK_02075
2075,BOOK_02076
2076,BOOK_02077
2077,BOOK_02078
2078,BOOK_02079
2079,BOOK_02080
2080,BOOK_02081
2081,BOOK_02082
2082,BOOK_02083
2083,BOOK_02084
2084,BOOK_02085
2085,BOOK_02086
2086,BOOK_02087
2087,BOOK_02088
2088,BOOK_02089
2089,BOOK_02090
2090,BOOK_02091
2091,BOOK_02092
2092,BOOK_02093
2093,BOOK_02094
2094,BOOK_02095
2095,BOOK_02096
2096,BOOK_02097
2097,BOOK_02098
2098,BOOK_02099
2099,BOOK_02100
2100,BOOK_02101
2101,BOOK_02102
2102,BOOK_02103
2103,BOOK_02104
2104,BOOK_02105
2105,BOOK_02106
2106,BOOK_02107
2107,BOOK_02108
2108,BOOK_02109
2109,BOOK_02110
2110,BOOK_02111
2111,BOOK_02112
2112,BOOK_02113
2113,BOOK_02114
2114,BOOK_02115
2115,BOOK_02116
2116,BOOK_02117
2117,BOOK_02118
2118,BOOK_02119
2119,BOOK_02120
2120,BOOK_02121
2121,BOOK_02122
2122,BOOK_02123
2123,BOOK_02124
2124,BOOK_02125
2125,BOOK_02126
2126,BOOK_02127
2127,BOOK_02128
2128,BOOK_02129
2129,BOOK_02130
2130,BOOK_02131
2131,BOOK_02132
2132,BOOK_02133
2133,BOOK_02134
2134,BOOK_02135
2135,BOOK_02136
2136,BOOK_02137
2137,BOOK_02138
2138,BOOK_02139
2139,BOOK_02140
2140,BOOK_02141
2141,BOOK_02142
2142,BOOK_02143
2143,BOOK_02144
2144,BOOK_02145
2145,BOOK_02146
2146,BOOK_02147
2147,BOOK_02148
2148,BOOK_02149
2149,BOOK_02150
2150,BOOK_02151
2151,BOOK_02152
2152,BOOK_02153
2153,BOOK_02154
2154,BOOK_02155
2155,BOOK_02156
2156,BOOK_02157
2157,BOOK_02158
2158,BOOK_02159
2159,BOOK_02160
2160,BOOK_02161
2161,BOOK_02162
2162,BOOK_02163
2163,BOOK_02164
2164,BOOK_02165
2165,BOOK_02166
2166,BOOK_02167
2167,BOOK_02168
2168,BOOK_02169
2169,BOOK_02170
2170,BOOK_02171
2171,BOOK_02172
2172,BOOK_02173
2173,BOOK_02174
2174,BOOK_02175
2175,BOOK_02176
2176,BOOK_02177
2177,BOOK_02178
2178,BOOK_02179
2179,BOOK_02180
2180,BOOK_02181
2181,BOOK_02182
2182,BOOK_02183
2183,BOOK_02184
2184,BOOK_02185
2185,BOOK_02186
2186,BOOK_02187
2187,BOOK_02188
2188,BOOK_02189
2189,BOOK_02190
2190,BOOK_02191
2191,BOOK_02192
2192,BOOK_02193
2193,BOOK_02194
2194,BOOK_02195
2195,BOOK_02196
2196,BOOK_02197
2197,BOOK_02198
2198,BOOK_02199
2199,BOOK_02200
2200,BOOK_02201
2201,BOOK_02202
2202,BOOK_02203
2203,BOOK_02204
2204,BOOK_02205
2205,BOOK_02206
2206,BOOK_02207
2207,BOOK_02208
2208,BOOK_02209
2209,BOOK_02210
2210,BOOK_02211
2211,BOOK_02212
2212,BOOK_02213
2213,BOOK_02214
2214,BOOK_02215
2215,BOOK_02216
2216,BOOK_02217
2217,BOOK_02218
2218,BOOK_02219
2219,BOOK_02220
2220,BOOK_02221
2221,BOOK_02222
2222,BOOK_02223
2223,BOOK_02224
2224,BOOK_02225
2225,BOOK_02226
2226,BOOK_02227
2227,BOOK_02228
2228,BOOK_02229
2229,BOOK_02230
2230,BOOK_02231
2231,BOOK_02232
2232,BOOK_02233
2233,BOOK_02234
2234,BOOK_02235
2235,BOOK_02236
2236,BOOK_02237
2237,BOOK_02238
2238,BOOK_02239
2239,BOOK_02240
2240,BOOK_02241
2241,BOOK_02242
2242,BOOK_02243
2243,BOOK_02244
2244,BOOK_02245
2245,BOOK_02246
2246,BOOK_02247
2247,BOOK_02248
2248,BOOK_02249
2249,BOOK_02250
2250,BOOK_02251
2251,BOOK_02252
2252,BOOK_02253
2253,BOOK_02254
2254,BOOK_02255
2255,BOOK_02256
2256,BOOK_02257
2257,BOOK_02258
2258,BOOK_02259
2259,BOOK_02260
2260,BOOK_02261
2261,BOOK_02262
2262,BOOK_02263
2263,BOOK_02264
2264,BOOK_02265
2265,BOOK_02266
2266,BOOK_02267
2267,BOOK_02268
2268,BOOK_02269
2269,BOOK_02270
2270,BOOK_02271
2271,BOOK_02272
2272,BOOK_02273
2273,BOOK_02274
2274,BOOK_02275
2275,BOOK_02276
2276,BOOK_02277
2277,BOOK_02278
2278,BOOK_02279
2279,BOOK_02280
2280,BOOK_02281
2281,BOOK_02282
2282,BOOK_02283
2283,BOOK_02284
2284,BOOK_02285
2285,BOOK_02286
2286,BOOK_02287
2287,BOOK_02288
2288,BOOK_02289
2289,BOOK_02290
2290,BOOK_02291
2291,BOOK_02292
2292,BOOK_02293
2293,BOOK_02294
2294,BOOK_02295
2295,BOOK_02296
2296,BOOK_02297
2297,BOOK_02298
2298,BOOK_02299
2299,BOOK_02300
2300,BOOK_02301
2301,BOOK_02302
2302,BOOK_02303
2303,BOOK_02304
2304,BOOK_02305
2305,BOOK_02306
2306,BOOK_02307
2307,BOOK_02308
2308,BOOK_02309
2309,BOOK_02310
2310,BOOK_02311
2311,BOOK_02312
2312,BOOK_02313
2313,BOOK_02314
2314,BOOK_02315
2315,BOOK_02316
2316,BOOK_02317
2317,BOOK_02318
2318,BOOK_02319
2319,BOOK_02320
2320,BOOK_02321
2321,BOOK_02322
2322,BOOK_02323
2323,BOOK_02324
2324,BOOK_02325
2325,BOOK_02326
2326,BOOK_02327
2327,BOOK_02328
2328,BOOK_02329
2329,BOOK_02330
2330,BOOK_02331
2331,BOOK_02332
2332,BOOK_02333
2333,BOOK_02334
2334,BOOK_02335
2335,BOOK_02336
2336,BOOK_02337
2337,BOOK_02338
2338,BOOK_02339
2339,BOOK_02340
2340,BOOK_02341
2341,BOOK_02342
2342,BOOK_02343
2343,BOOK_02344
2344,BOOK_02345
2345,BOOK_02346
2346,BOOK_02347
2347,BOOK_02348
2348,BOOK_02349
2349,BOOK_02350
2350,BOOK_02351
2351,BOOK_02352
2352,BOOK_02353
2353,BOOK_02354
2354,BOOK_02355
2355,BOOK_02356
2356,BOOK_02357
2357,BOOK_02358
2358,BOOK_02359
2359,BOOK_02360
2360,BOOK_02361
2361,BOOK_02362
2362,BOOK_02363
2363,BOOK_02364
2364,BOOK_02365
2365,BOOK_02366
2366,BOOK_02367
2367,BOOK_02368
2368,BOOK_02369
2369,BOOK_02370
2370,BOOK_02371
2371,BOOK_02372
2372,BOOK_02373
2373,BOOK_02374
2374,BOOK_02375
2375,BOOK_02376
2376,BOOK_02377
2377,BOOK_02378
2378,BOOK_02379
2379,BOOK_02380
2380,BOOK_02381
2381,BOOK_02382
2382,BOOK_02383
2383,BOOK_02384
2384,BOOK_02385
2385,BOOK_02386
2386,BOOK_02387
2387,BOOK_02388
2388,BOOK_02389
2389,BOOK_02390
2390,BOOK_02391
2391,BOOK_02392
2392,BOOK_02393
2393,BOOK_02394
2394,BOOK_02395
2395,BOOK_02396
2396,BOOK_02397
2397,BOOK_02398
2398,BOOK_02399
2399,BOOK_02400
2400,BOOK_02401
2401,BOOK_02402
2402,BOOK_02403
2403,BOOK_02404
2404,BOOK_02405
2405,BOOK_02406
2406,BOOK_02407
2407,BOOK_02408
2408,BOOK_02409
2409,BOOK_02410
2410,BOOK_02411
2411,BOOK_02412
2412,BOOK_02413
2413,BOOK_02414
2414,BOOK_02415
2415,BOOK_02416
2416,BOOK_02417
2417,BOOK_02418
2418,BOOK_02419
2419,BOOK_02420
2420,BOOK_02421
2421,BOOK_02422
2422,BOOK_02423
2423,BOOK_02424
2424,BOOK_02425
2425,BOOK_02426
2426,BOOK_02427
2427,BOOK_02428
2428,BOOK_02429
2429,BOOK_02430
2430,BOOK_02431
2431,BOOK_02432
2432,BOOK_02433
2433,BOOK_02434
2434,BOOK_02435
2435,BOOK_02436
2436,BOOK_02437
2437,BOOK_02438
2438,BOOK_02439
2439,BOOK_02440
2440,BOOK_02441
2441,BOOK_02442
2442,BOOK_02443
2443,BOOK_02444
2444,BOOK_02445
2445,BOOK_02446
2446,BOOK_02447
2447,BOOK_02448
2448,BOOK_02449
2449,BOOK_02450
2450,BOOK_02451
2451,BOOK_02452
2452,BOOK_02453
2453,BOOK_02454
2454,BOOK_02455
2455,BOOK_02456
2456,BOOK_02457
2457,BOOK_02458
2458,BOOK_02459
2459,BOOK_02460
2460,BOOK_02461
2461,BOOK_02462
2462,BOOK_02463
2463,BOOK_02464
2464,BOOK_02465
2465,BOOK_02466
2466,BOOK_02467
2467,BOOK_02468
2468,BOOK_02469
2469,BOOK_02470
2470,BOOK_02471
2471,BOOK_02472
2472,BOOK_02473
2473,BOOK_02474
2474,BOOK_02475
2475,BOOK_02476
2476,BOOK_02477
2477,BOOK_02478
2478,BOOK_02479
2479,BOOK_02480
2480,BOOK_02481
2481,BOOK_02482
2482,BOOK_02483
2483,BOOK_02484
2484,BOOK_02485
2485,BOOK_02486
2486,BOOK_02487
2487,BOOK_02488
2488,BOOK_02489
2489,BOOK_02490
2490,BOOK_02491
2491,BOOK_02492
2492,BOOK_02493
2493,BOOK_02494
2494,BOOK_02495
2495,BOOK_02496
2496,BOOK_02497
2497,BOOK_02498
2498,BOOK_02499
2499,BOOK_02500
2500,BOOK_02501
2501,BOOK_02502
2502,BOOK_02503
2503,BOOK_02504
2504,BOOK_02505
2505,BOOK_02506
2506,BOOK_02507
2507,BOOK_02508
2508,BOOK_02509
2509,BOOK_02510
2510,BOOK_02511
2511,BOOK_02512
2512,BOOK_02513
2513,BOOK_02514
2514,BOOK_02515
2515,BOOK_02516
2516,BOOK_02517
2517,BOOK_02518
2518,BOOK_02519
2519,BOOK_02520
2520,BOOK_02521
2521,BOOK_02522
2522,BOOK_02523
2523,BOOK_02524
2524,BOOK_02525
2525,BOOK_02526
2526,BOOK_02527
2527,BOOK_02528
2528,BOOK_02529
2529,BOOK_02530
2530,BOOK_02531
2531,BOOK_02532
2532,BOOK_02533
2533,BOOK_02534
2534,BOOK_02535
2535,BOOK_02536
2536,BOOK_02537
2537,BOOK_02538
2538,BOOK_02539
2539,BOOK_02540
2540,BOOK_02541
2541,BOOK_02542
2542,BOOK_02543
2543,BOOK_02544
2544,BOOK_02545
2545,BOOK_02546
2546,BOOK_02547
2547,BOOK_02548
2548,BOOK_02549
2549,BOOK_02550
2550,BOOK_02551
2551,BOOK_02552
2552,BOOK_02553
2553,BOOK_02554
2554,BOOK_02555
2555,BOOK_02556
2556,BOOK_02557
2557,BOOK_02558
2558,BOOK_02559
2559,BOOK_02560
2560,BOOK_02561
2561,BOOK_02562
2562,BOOK_02563
2563,BOOK_02564
2564,BOOK_02565
2565,BOOK_02566
2566,BOOK_02567
2567,BOOK_02568
2568,BOOK_02569
2569,BOOK_02570
2570,BOOK_02571
2571,BOOK_02572
2572,BOOK_02573
2573,BOOK_02574
2574,BOOK_02575
2575,BOOK_02576
2576,BOOK_02577
2577,BOOK_02578
2578,BOOK_02579
2579,BOOK_02580
2580,BOOK_02581
2581,BOOK_02582
2582,BOOK_02583
2583,BOOK_02584
2584,BOOK_02585
2585,BOOK_02586
2586,BOOK_02587
2587,BOOK_02588
2588,BOOK_02589
2589,BOOK_02590
2590,BOOK_02591
2591,BOOK_02592
2592,BOOK_02593
2593,BOOK_02594
2594,BOOK_02595
2595,BOOK_02596
2596,BOOK_02597
2597,BOOK_02598
2598,BOOK_02599
2599,BOOK_02600
2600,BOOK_02601
2601,BOOK_02602
2602,BOOK_02603
2603,BOOK_02604
2604,BOOK_02605
2605,BOOK_02606
2606,BOOK_02607
2607,BOOK_02608
2608,BOOK_02609
2609,BOOK_02610
2610,BOOK_02611
2611,BOOK_02612
2612,BOOK_02613
2613,BOOK_02614
2614,BOOK_02615
2615,BOOK_02616
2616,BOOK_02617
2617,BOOK_02618
2618,BOOK_02619
2619,BOOK_02620
2620,BOOK_02621
2621,BOOK_02622
2622,BOOK_02623
2623,BOOK_02624
2624,BOOK_02625
2625,BOOK_02626
2626,BOOK_02627
2627,BOOK_02628
2628,BOOK_02629
2629,BOOK_02630
2630,BOOK_02631
2631,BOOK_02632
2632,BOOK_02633
2633,BOOK_02634
2634,BOOK_02635
2635,BOOK_02636
2636,BOOK_02637
2637,BOOK_02638
2638,BOOK_02639
2639,BOOK_02640
2640,BOOK_02641
2641,BOOK_02642
2642,BOOK_02643
2643,BOOK_02644
2644,BOOK_02645
2645,BOOK_02646
2646,BOOK_02647
2647,BOOK_02648
2648,BOOK_02649
2649,BOOK_02650
2650,BOOK_02651
2651,BOOK_02652
2652,BOOK_02653
2653,BOOK_02654
2654,BOOK_02655
2655,BOOK_02656
2656,BOOK_02657
2657,BOOK_02658
2658,BOOK_02659
2659,BOOK_02660
2660,BOOK_02661
2661,BOOK_02662
2662,BOOK_02663
2663,BOOK_02664
2664,BOOK_02665
2665,BOOK_02666
2666,BOOK_02667
2667,BOOK_02668
2668,BOOK_02669
2669,BOOK_02670
2670,BOOK_02671
2671,BOOK_02672
2672,BOOK_02673
2673,BOOK_02674
2674,BOOK_02675
2675,BOOK_02676
2676,BOOK_02677
2677,BOOK_02678
2678,BOOK_02679
2679,BOOK_02680
2680,BOOK_02681
2681,BOOK_02682
2682,BOOK_02683
2683,BOOK_02684
2684,BOOK_02685
2685,BOOK_02686
2686,BOOK_02687
2687,BOOK_02688
2688,BOOK_02689
2689,BOOK_02690
2690,BOOK_02691
2691,BOOK_02692
2692,BOOK_02693
2693,BOOK_02694
2694,BOOK_02695
2695,BOOK_02696
2696,BOOK_02697
2697,BOOK_02698
2698,BOOK_02699
2699,BOOK_02700
2700,BOOK_02701
2701,BOOK_02702
2702,BOOK_02703
2703,BOOK_02704
2704,BOOK_02705
2705,BOOK_02706
2706,BOOK_02707
2707,BOOK_02708
2708,BOOK_02709
2709,BOOK_02710
2710,BOOK_02711
2711,BOOK_02712
2712,BOOK_02713
2713,BOOK_02714
2714,BOOK_02715
2715,BOOK_02716
2716,BOOK_02717
2717,BOOK_02718
2718,BOOK_02719
2719,BOOK_02720
2720,BOOK_02721
2721,BOOK_02722
2722,BOOK_02723
2723,BOOK_02724
2724,BOOK_02725
2725,BOOK_02726
2726,BOOK_02727
2727,BOOK_02728
2728,BOOK_02729
2729,BOOK_02730
2730,BOOK_02731
2731,BOOK_02732
2732,BOOK_02733
2733,BOOK_02734
2734,BOOK_02735
2735,BOOK_02736
2736,BOOK_02737
2737,BOOK_02738
2738,BOOK_02739
2739,BOOK_02740
2740,BOOK_02741
2741,BOOK_02742
2742,BOOK_02743
2743,BOOK_02744
2744,BOOK_02745
2745,BOOK_02746
2746,BOOK_02747
2747,BOOK_02748
2748,BOOK_02749
2749,BOOK_02750
2750,BOOK_02751
2751,BOOK_02752
2752,BOOK_02753
2753,BOOK_02754
2754,BOOK_02755
2755,BOOK_02756
2756,BOOK_02757
2757,BOOK_02758
2758,BOOK_02759
2759,BOOK_02760
2760,BOOK_02761
2761,BOOK_02762
2762,BOOK_02763
2763,BOOK_02764
2764,BOOK_02765
2765,BOOK_02766
2766,BOOK_02767
2767,BOOK_02768
2768,BOOK_02769
2769,BOOK_02770
2770,BOOK_02771
2771,BOOK_02772
2772,BOOK_02773
2773,BOOK_02774
2774,BOOK_02775
2775,BOOK_02776
2776,BOOK_02777
2777,BOOK_02778
2778,BOOK_02779
2779,BOOK_02780
2780,BOOK_02781
2781,BOOK_02782
2782,BOOK_02783
2783,BOOK_02784
2784,BOOK_02785
2785,BOOK_02786
2786,BOOK_02787
2787,BOOK_02788
2788,BOOK_02789
2789,BOOK_02790
2790,BOOK_02791
2791,BOOK_02792
2792,BOOK_02793
2793,BOOK_02794
2794,BOOK_02795
2795,BOOK_02796
2796,BOOK_02797
2797,BOOK_02798
2798,BOOK_02799
2799,BOOK_02800
2800,BOOK_02801
2801,BOOK_02802
2802,BOOK_02803
2803,BOOK_02804
2804,BOOK_02805
2805,BOOK_02806
2806,BOOK_02807
2807,BOOK_02808
2808,BOOK_02809
2809,BOOK_02810
2810,BOOK_02811
2811,BOOK_02812
2812,BOOK_02813
2813,BOOK_02814
2814,BOOK_02815
2815,BOOK_02816
2816,BOOK_02817
2817,BOOK_02818
2818,BOOK_02819
2819,BOOK_02820
2820,BOOK_02821
2821,BOOK_02822
2822,BOOK_02823
2823,BOOK_02824
2824,BOOK_02825
2825,BOOK_02826
2826,BOOK_02827
2827,BOOK_02828
2828,BOOK_02829
2829,BOOK_02830
2830,BOOK_02831
2831,BOOK_02832
2832,BOOK_02833
2833,BOOK_02834
2834,BOOK_02835
2835,BOOK_02836
2836,BOOK_02837
2837,BOOK_02838
2838,BOOK_02839
2839,BOOK_02840
2840,BOOK_02841
2841,BOOK_02842
2842,BOOK_02843
2843,BOOK_02844
2844,BOOK_02845
2845,BOOK_02846
2846,BOOK_02847
2847,BOOK_02848
2848,BOOK_02849
2849,BOOK_02850
2850,BOOK_02851
2851,BOOK_02852
2852,BOOK_02853
2853,BOOK_02854
2854,BOOK_02855
2855,BOOK_02856
2856,BOOK_02857
2857,BOOK_02858
2858,BOOK_02859
2859,BOOK_02860
2860,BOOK_02861
2861,BOOK_02862
2862,BOOK_02863
2863,BOOK_02864
2864,BOOK_02865
2865,BOOK_02866
2866,BOOK_02867
2867,BOOK_02868
2868,BOOK_02869
2869,BOOK_02870
2870,BOOK_02871
2871,BOOK_02872
2872,BOOK_02873
2873,BOOK_02874
2874,BOOK_02875
2875,BOOK_02876
2876,BOOK_02877
2877,BOOK_02878
2878,BOOK_02879
2879,BOOK_02880
2880,BOOK_02881
2881,BOOK_02882
2882,BOOK_02883
2883,BOOK_02884
2884,BOOK_02885
2885,BOOK_02886
2886,BOOK_02887
2887,BOOK_02888
2888,BOOK_02889
2889,BOOK_02890
2890,BOOK_02891
2891,BOOK_02892
2892,BOOK_02893
2893,BOOK_02894
2894,BOOK_02895
2895,BOOK_02896
2896,BOOK_02897
2897,BOOK_02898
2898,BOOK_02899
2899,BOOK_02900
2900,BOOK_02901
2901,BOOK_02902
2902,BOOK_02903
2903,BOOK_02904
2904,BOOK_02905
2905,BOOK_02906
2906,BOOK_02907
2907,BOOK_02908
2908,BOOK_02909
2909,BOOK_02910
2910,BOOK_02911
2911,BOOK_02912
2912,BOOK_02913
2913,BOOK_02914
2914,BOOK_02915
2915,BOOK_02916
2916,BOOK_02917
2917,BOOK_02918
2918,BOOK_02919
2919,BOOK_02920
2920,BOOK_02921
2921,BOOK_02922
2922,BOOK_02923
2923,BOOK_02924
2924,BOOK_02925
2925,BOOK_02926
2926,BOOK_02927
2927,BOOK_02928
2928,BOOK_02929
2929,BOOK_02930
2930,BOOK_02931
2931,BOOK_02932
2932,BOOK_02933
2933,BOOK_02934
2934,BOOK_02935
2935,BOOK_02936
2936,BOOK_02937
2937,BOOK_02938
2938,BOOK_02939
2939,BOOK_02940
2940,BOOK_02941
2941,BOOK_02942
2942,BOOK_02943
2943,BOOK_02944
2944,BOOK_02945
2945,BOOK_02946
2946,BOOK_02947
2947,BOOK_02948
2948,BOOK_02949
2949,BOOK_02950
2950,BOOK_02951
2951,BOOK_02952
2952,BOOK_02953
2953,BOOK_02954
2954,BOOK_02955
2955,BOOK_02956
2956,BOOK_02957
2957,BOOK_02958
2958,BOOK_02959
2959,BOOK_02960
2960,BOOK_02961
2961,BOOK_02962
2962,BOOK_02963
2963,BOOK_02964
2964,BOOK_02965
2965,BOOK_02966
2966,BOOK_02967
2967,BOOK_02968
2968,BOOK_02969
2969,BOOK_02970
2970,BOOK_02971
2971,BOOK_02972
2972,BOOK_02973
2973,BOOK_02974
2974,BOOK_02975
2975,BOOK_02976
2976,BOOK_02977
2977,BOOK_02978
2978,BOOK_02979
2979,BOOK_02980
2980,BOOK_02981
2981,BOOK_02982
2982,BOOK_02983
2983,BOOK_02984
2984,BOOK_02985
2985,BOOK_02986
2986,BOOK_02987
2987,BOOK_02988
2988,BOOK_02989
2989,BOOK_02990
2990,BOOK_02991
2991,BOOK_02992
2992,BOOK_02993
2993,BOOK_02994
2994,BOOK_02995
2995,BOOK_02996
2996,BOOK_02997
2997,BOOK_02998
2998,BOOK_02999
2999,BOOK_03000
3000,BOOK_03001
3001,BOOK_03002
3002,BOOK_03003
3003,BOOK_03004
3004,BOOK_03005
3005,BOOK_03006
3006,BOOK_03007
3007,BOOK_03008
3008,BOOK_03009
3009,BOOK_03010
3010,BOOK_03011
3011,BOOK_03012
3012,BOOK_03013
3013,BOOK_03014
3014,BOOK_03015
3015,BOOK_03016
3016,BOOK_03017
3017,BOOK_03018
3018,BOOK_03019
3019,BOOK_03020
3020,BOOK_03021
3021,BOOK_03022
3022,BOOK_03023
3023,BOOK_03024
3024,BOOK_03025
3025,BOOK_03026
3026,BOOK_03027
3027,BOOK_03028
3028,BOOK_03029
3029,BOOK_03030
3030,BOOK_03031
3031,BOOK_03032
3032,BOOK_03033
3033,BOOK_03034
3034,BOOK_03035
3035,BOOK_03036
3036,BOOK_03037
3037,BOOK_03038
3038,BOOK_03039
3039,BOOK_03040
3040,BOOK_03041
3041,BOOK_03042
3042,BOOK_03043
3043,BOOK_03044
3044,BOOK_03045
3045,BOOK_03046
3046,BOOK_03047
3047,BOOK_03048
3048,BOOK_03049
3049,BOOK_03050
3050,BOOK_03051
3051,BOOK_03052
3052,BOOK_03053
3053,BOOK_03054
3054,BOOK_03055
3055,BOOK_03056
3056,BOOK_03057
3057,BOOK_03058
3058,BOOK_03059
3059,BOOK_03060
3060,BOOK_03061
3061,BOOK_03062
3062,BOOK_03063
3063,BOOK_03064
3064,BOOK_03065
3065,BOOK_03066
3066,BOOK_03067
3067,BOOK_03068
3068,BOOK_03069
3069,BOOK_03070
3070,BOOK_03071
3071,BOOK_03072
3072,BOOK_03073
3073,BOOK_03074
3074,BOOK_03075
3075,BOOK_03076
3076,BOOK_03077
3077,BOOK_03078
3078,BOOK_03079
3079,BOOK_03080
3080,BOOK_03081
3081,BOOK_03082
3082,BOOK_03083
3083,BOOK_03084
3084,BOOK_03085
3085,BOOK_03086
3086,BOOK_03087
3087,BOOK_03088
3088,BOOK_03089
3089,BOOK_03090
3090,BOOK_03091
3091,BOOK_03092
3092,BOOK_03093
3093,BOOK_03094
3094,BOOK_03095
3095,BOOK_03096
3096,BOOK_03097
3097,BOOK_03098
3098,BOOK_03099
3099,BOOK_03100
3100,BOOK_03101
3101,BOOK_03102
3102,BOOK_03103
3103,BOOK_03104
3104,BOOK_03105
3105,BOOK_03106
3106,BOOK_03107
3107,BOOK_03108
3108,BOOK_03109
3109,BOOK_03110
3110,BOOK_03111
3111,BOOK_03112
3112,BOOK_03113
3113,BOOK_03114
3114,BOOK_03115
3115,BOOK_03116
3116,BOOK_03117
3117,BOOK_03118
3118,BOOK_03119
3119,BOOK_03120
3120,BOOK_03121
3121,BOOK_03122
3122,BOOK_03123
3123,BOOK_03124
3124,BOOK_03125
3125,BOOK_03126
3126,BOOK_03127
3127,BOOK_03128
3128,BOOK_03129
3129,BOOK_03130
3130,BOOK_03131
3131,BOOK_03132
3132,BOOK_03133
3133,BOOK_03134
3134,BOOK_03135
3135,BOOK_03136
3136,BOOK_03137
3137,BOOK_03138
3138,BOOK_03139
3139,BOOK_03140
3140,BOOK_03141
3141,BOOK_03142
3142,BOOK_03143
3143,BOOK_03144
3144,BOOK_03145
3145,BOOK_03146
3146,BOOK_03147
3147,BOOK_03148
3148,BOOK_03149
3149,BOOK_03150
3150,BOOK_03151
3151,BOOK_03152
3152,BOOK_03153
3153,BOOK_03154
3154,BOOK_03155
3155,BOOK_03156
3156,BOOK_03157
3157,BOOK_03158
3158,BOOK_03159
3159,BOOK_03160
3160,BOOK_03161
3161,BOOK_03162
3162,BOOK_03163
3163,BOOK_03164
3164,BOOK_03165
3165,BOOK_03166
3166,BOOK_03167
3167,BOOK_03168
3168,BOOK_03169
3169,BOOK_03170
3170,BOOK_03171
3171,BOOK_03172
3172,BOOK_03173
3173,BOOK_03174
3174,BOOK_03175
3175,BOOK_03176
3176,BOOK_03177
3177,BOOK_03178
3178,BOOK_03179
3179,BOOK_03180
3180,BOOK_03181
3181,BOOK_03182
3182,BOOK_03183
3183,BOOK_03184
3184,BOOK_03185
3185,BOOK_03186
3186,BOOK_03187
3187,BOOK_03188
3188,BOOK_03189
3189,BOOK_03190
3190,BOOK_03191
3191,BOOK_03192
3192,BOOK_03193
3193,BOOK_03194
3194,BOOK_03195
3195,BOOK_03196
3196,BOOK_03197
3197,BOOK_03198
3198,BOOK_03199
3199,BOOK_03200
3200,BOOK_03201
3201,BOOK_03202
3202,BOOK_03203
3203,BOOK_03204
3204,BOOK_03205
3205,BOOK_03206
3206,BOOK_03207
3207,BOOK_03208
3208,BOOK_03209
3209,BOOK_03210
3210,BOOK_03211
3211,BOOK_03212
3212,BOOK_03213
3213,BOOK_03214
3214,BOOK_03215
3215,BOOK_03216
3216,BOOK_03217
3217,BOOK_03218
3218,BOOK_03219
3219,BOOK_03220
3220,BOOK_03221
3221,BOOK_03222
3222,BOOK_03223
3223,BOOK_03224
3224,BOOK_03225
3225,BOOK_03226
3226,BOOK_03227
3227,BOOK_03228
3228,BOOK_03229
3229,BOOK_03230
3230,BOOK_03231
3231,BOOK_03232
3232,BOOK_03233
3233,BOOK_03234
3234,BOOK_03235
3235,BOOK_03236
3236,BOOK_03237
3237,BOOK_03238
3238,BOOK_03239
3239,BOOK_03240
3240,BOOK_03241
3241,BOOK_03242
3242,BOOK_03243
3243,BOOK_03244
3244,BOOK_03245
3245,BOOK_03246
3246,BOOK_03247
3247,BOOK_03248
3248,BOOK_03249
3249,BOOK_03250
3250,BOOK_03251
3251,BOOK_03252
3252,BOOK_03253
3253,BOOK_03254
3254,BOOK_03255
3255,BOOK_03256
3256,BOOK_03257
3257,BOOK_03258
3258,BOOK_03259
3259,BOOK_03260
3260,BOOK_03261
3261,BOOK_03262
3262,BOOK_03263
3263,BOOK_03264
3264,BOOK_03265
3265,BOOK_03266
3266,BOOK_03267
3267,BOOK_03268
3268,BOOK_03269
3269,BOOK_03270
3270,BOOK_03271
3271,BOOK_03272
3272,BOOK_03273
3273,BOOK_03274
3274,BOOK_03275
3275,BOOK_03276
3276,BOOK_03277
3277,BOOK_03278
3278,BOOK_03279
3279,BOOK_03280
3280,BOOK_03281
3281,BOOK_03282
3282,BOOK_03283
3283,BOOK_03284
3284,BOOK_03285
3285,BOOK_03286
3286,BOOK_03287
3287,BOOK_03288
3288,BOOK_03289
3289,BOOK_03290
3290,BOOK_03291
3291,BOOK_03292
3292,BOOK_03293
3293,BOOK_03294
3294,BOOK_03295
3295,BOOK_03296
3296,BOOK_03297
3297,BOOK_03298
3298,BOOK_03299
3299,BOOK_03300
3300,BOOK_03301
3301,BOOK_03302
3302,BOOK_03303
3303,BOOK_03304
3304,BOOK_03305
3305,BOOK_03306
3306,BOOK_03307
3307,BOOK_03308
3308,BOOK_03309
3309,BOOK_03310
3310,BOOK_03311
3311,BOOK_03312
3312,BOOK_03313
3313,BOOK_03314
3314,BOOK_03315
3315,BOOK_03316
3316,BOOK_03317
3317,BOOK_03318
3318,BOOK_03319
3319,BOOK_03320
3320,BOOK_03321
3321,BOOK_03322
3322,BOOK_03323
3323,BOOK_03324
3324,BOOK_03325
3325,BOOK_03326
3326,BOOK_03327
3327,BOOK_03328
3328,BOOK_03329
3329,BOOK_03330
3330,BOOK_03331
3331,BOOK_03332
3332,BOOK_03333
3333,BOOK_03334
3334,BOOK_03335
3335,BOOK_03336
3336,BOOK_03337
3337,BOOK_03338
3338,BOOK_03339
3339,BOOK_03340
3340,BOOK_03341
3341,BOOK_03342
3342,BOOK_03343
3343,BOOK_03344
3344,BOOK_03345
3345,BOOK_03346
3346,BOOK_03347
3347,BOOK_03348
3348,BOOK_03349
3349,BOOK_03350
3350,BOOK_03351
3351,BOOK_03352
3352,BOOK_03353
3353,BOOK_03354
3354,BOOK_03355
3355,BOOK_03356
3356,BOOK_03357
3357,BOOK_03358
3358,BOOK_03359
3359,BOOK_03360
3360,BOOK_03361
3361,BOOK_03362
3362,BOOK_03363
3363,BOOK_03364
3364,BOOK_03365
3365,BOOK_03366
3366,BOOK_03367
3367,BOOK_03368
3368,BOOK_03369
3369,BOOK_03370
3370,BOOK_03371
3371,BOOK_03372
3372,BOOK_03373
3373,BOOK_03374
3374,BOOK_03375
3375,BOOK_03376
3376,BOOK_03377
3377,BOOK_03378
3378,BOOK_03379
3379,BOOK_03380
3380,BOOK_03381
3381,BOOK_03382
3382,BOOK_03383
3383,BOOK_03384
3384,BOOK_03385
3385,BOOK_03386
3386,BOOK_03387
3387,BOOK_03388
3388,BOOK_03389
3389,BOOK_03390
3390,BOOK_03391
3391,BOOK_03392
3392,BOOK_03393
3393,BOOK_03394
3394,BOOK_03395
3395,BOOK_03396
3396,BOOK_03397
3397,BOOK_03398
3398,BOOK_03399
3399,BOOK_03400
3400,BOOK_03401
3401,BOOK_03402
3402,BOOK_03403
3403,BOOK_03404
3404,BOOK_03405
3405,BOOK_03406
3406,BOOK_03407
3407,BOOK_03408
3408,BOOK_03409
3409,BOOK_03410
3410,BOOK_03411
3411,BOOK_03412
3412,BOOK_03413
3413,BOOK_03414
3414,BOOK_03415
3415,BOOK_03416
3416,BOOK_03417
3417,BOOK_03418
3418,BOOK_03419
3419,BOOK_03420
3420,BOOK_03421
3421,BOOK_03422
3422,BOOK_03423
3423,BOOK_03424
3424,BOOK_03425
3425,BOOK_03426
3426,BOOK_03427
3427,BOOK_03428
3428,BOOK_03429
3429,BOOK_03430
3430,BOOK_03431
3431,BOOK_03432
3432,BOOK_03433
3433,BOOK_03434
3434,BOOK_03435
3435,BOOK_03436
3436,BOOK_03437
3437,BOOK_03438
3438,BOOK_03439
3439,BOOK_03440
3440,BOOK_03441
3441,BOOK_03442
3442,BOOK_03443
3443,BOOK_03444
3444,BOOK_03445
3445,BOOK_03446
3446,BOOK_03447
3447,BOOK_03448
3448,BOOK_03449
3449,BOOK_03450
3450,BOOK_03451
3451,BOOK_03452
3452,BOOK_03453
3453,BOOK_03454
3454,BOOK_03455
3455,BOOK_03456
3456,BOOK_03457
3457,BOOK_03458
3458,BOOK_03459
3459,BOOK_03460
3460,BOOK_03461
3461,BOOK_03462
3462,BOOK_03463
3463,BOOK_03464
3464,BOOK_03465
3465,BOOK_03466
3466,BOOK_03467
3467,BOOK_03468
3468,BOOK_03469
3469,BOOK_03470
3470,BOOK_03471
3471,BOOK_03472
3472,BOOK_03473
3473,BOOK_03474
3474,BOOK_03475
3475,BOOK_03476
3476,BOOK_03477
3477,BOOK_03478
3478,BOOK_03479
3479,BOOK_03480
3480,BOOK_03481
3481,BOOK_03482
3482,BOOK_03483
3483,BOOK_03484
3484,BOOK_03485
3485,BOOK_03486
3486,BOOK_03487
3487,BOOK_03488
3488,BOOK_03489
3489,BOOK_03490
3490,BOOK_03491
3491,BOOK_03492
3492,BOOK_03493
3493,BOOK_03494
3494,BOOK_03495
3495,BOOK_03496
3496,BOOK_03497
3497,BOOK_03498
3498,BOOK_03499
3499,BOOK_03500
3500,BOOK_03501
3501,BOOK_03502
3502,BOOK_03503
3503,BOOK_03504
3504,BOOK_03505
3505,BOOK_03506
3506,BOOK_03507
3507,BOOK_03508
3508,BOOK_03509
3509,BOOK_03510
3510,BOOK_03511
3511,BOOK_03512
3512,BOOK_03513
3513,BOOK_03514
3514,BOOK_03515
3515,BOOK_03516
3516,BOOK_03517
3517,BOOK_03518
3518,BOOK_03519
3519,BOOK_03520
3520,BOOK_03521
3521,BOOK_03522
3522,BOOK_03523
3523,BOOK_03524
3524,BOOK_03525
3525,BOOK_03526
3526,BOOK_03527
3527,BOOK_03528
3528,BOOK_03529
3529,BOOK_03530
3530,BOOK_03531
3531,BOOK_03532
3532,BOOK_03533
3533,BOOK_03534
3534,BOOK_03535
3535,BOOK_03536
3536,BOOK_03537
3537,BOOK_03538
3538,BOOK_03539
3539,BOOK_03540
3540,BOOK_03541
3541,BOOK_03542
3542,BOOK_03543
3543,BOOK_03544
3544,BOOK_03545
3545,BOOK_03546
3546,BOOK_03547
3547,BOOK_03548
3548,BOOK_03549
3549,BOOK_03550
3550,BOOK_03551
3551,BOOK_03552
3552,BOOK_03553
3553,BOOK_03554
3554,BOOK_03555
3555,BOOK_03556
3556,BOOK_03557
3557,BOOK_03558
3558,BOOK_03559
3559,BOOK_03560
3560,BOOK_03561
3561,BOOK_03562
3562,BOOK_03563
3563,BOOK_03564
3564,BOOK_03565
3565,BOOK_03566
3566,BOOK_03567
3567,BOOK_03568
3568,BOOK_03569
3569,BOOK_03570
3570,BOOK_03571
3571,BOOK_03572
3572,BOOK_03573
3573,BOOK_03574
3574,BOOK_03575
3575,BOOK_03576
3576,BOOK_03577
3577,BOOK_03578
3578,BOOK_03579
3579,BOOK_03580
3580,BOOK_03581
3581,BOOK_03582
3582,BOOK_03583
3583,BOOK_03584
3584,BOOK_03585
3585,BOOK_03586
3586,BOOK_03587
3587,BOOK_03588
3588,BOOK_03589
3589,BOOK_03590
3590,BOOK_03591
3591,BOOK_03592
3592,BOOK_03593
3593,BOOK_03594
3594,BOOK_03595
3595,BOOK_03596
3596,BOOK_03597
3597,BOOK_03598
3598,BOOK_03599
3599,BOOK_03600
3600,BOOK_03601
3601,BOOK_03602
3602,BOOK_03603
3603,BOOK_03604
3604,BOOK_03605
3605,BOOK_03606
3606,BOOK_03607
3607,BOOK_03608
3608,BOOK_03609
3609,BOOK_03610
3610,BOOK_03611
3611,BOOK_03612
3612,BOOK_03613
3613,BOOK_03614
3614,BOOK_03615
3615,BOOK_03616
3616,BOOK_03617
3617,BOOK_03618
3618,BOOK_03619
3619,BOOK_03620
3620,BOOK_03621
3621,BOOK_03622
3622,BOOK_03623
3623,BOOK_03624
3624,BOOK_03625
3625,BOOK_03626
3626,BOOK_03627
3627,BOOK_03628
3628,BOOK_03629
3629,BOOK_03630
3630,BOOK_03631
3631,BOOK_03632
3632,BOOK_03633
3633,BOOK_03634
3634,BOOK_03635
3635,BOOK_03636
3636,BOOK_03637
3637,BOOK_03638
3638,BOOK_03639
3639,BOOK_03640
3640,BOOK_03641
3641,BOOK_03642
3642,BOOK_03643
3643,BOOK_03644
3644,BOOK_03645
3645,BOOK_03646
3646,BOOK_03647
3647,BOOK_03648
3648,BOOK_03649
3649,BOOK_03650
3650,BOOK_03651
3651,BOOK_03652
3652,BOOK_03653
3653,BOOK_03654
3654,BOOK_03655
3655,BOOK_03656
3656,BOOK_03657
3657,BOOK_03658
3658,BOOK_03659
3659,BOOK_03660
3660,BOOK_03661
3661,BOOK_03662
3662,BOOK_03663
3663,BOOK_03664
3664,BOOK_03665
3665,BOOK_03666
3666,BOOK_03667
3667,BOOK_03668
3668,BOOK_03669
3669,BOOK_03670
3670,BOOK_03671
3671,BOOK_03672
3672,BOOK_03673
3673,BOOK_03674
3674,BOOK_03675
3675,BOOK_03676
3676,BOOK_03677
3677,BOOK_03678
3678,BOOK_03679
3679,BOOK_03680
3680,BOOK_03681
3681,BOOK_03682
3682,BOOK_03683
3683,BOOK_03684
3684,BOOK_03685
3685,BOOK_03686
3686,BOOK_03687
3687,BOOK_03688
3688,BOOK_03689
3689,BOOK_03690
3690,BOOK_03691
3691,BOOK_03692
3692,BOOK_03693
3693,BOOK_03694
3694,BOOK_03695
3695,BOOK_03696
3696,BOOK_03697
3697,BOOK_03698
3698,BOOK_03699
3699,BOOK_03700
3700,BOOK_03701
3701,BOOK_03702
3702,BOOK_03703
3703,BOOK_03704
3704,BOOK_03705
3705,BOOK_03706
3706,BOOK_03707
3707,BOOK_03708
3708,BOOK_03709
3709,BOOK_03710
3710,BOOK_03711
3711,BOOK_03712
3712,BOOK_03713
3713,BOOK_03714
3714,BOOK_03715
3715,BOOK_03716
3716,BOOK_03717
3717,BOOK_03718
3718,BOOK_03719
3719,BOOK_03720
3720,BOOK_03721
3721,BOOK_03722
3722,BOOK_03723
3723,BOOK_03724
3724,BOOK_03725
3725,BOOK_03726
3726,BOOK_03727
3727,BOOK_03728
3728,BOOK_03729
3729,BOOK_03730
3730,BOOK_03731
3731,BOOK_03732
3732,BOOK_03733
3733,BOOK_03734
3734,BOOK_03735
3735,BOOK_03736
3736,BOOK_03737
3737,BOOK_03738
3738,BOOK_03739
3739,BOOK_03740
3740,BOOK_03741
3741,BOOK_03742
3742,BOOK_03743
3743,BOOK_03744
3744,BOOK_03745
3745,BOOK_03746
3746,BOOK_03747
3747,BOOK_03748
3748,BOOK_03749
3749,BOOK_03750
3750,BOOK_03751
3751,BOOK_03752
3752,BOOK_03753
3753,BOOK_03754
3754,BOOK_03755
3755,BOOK_03756
3756,BOOK_03757
3757,BOOK_03758
3758,BOOK_03759
3759,BOOK_03760
3760,BOOK_03761
3761,BOOK_03762
3762,BOOK_03763
3763,BOOK_03764
3764,BOOK_03765
3765,BOOK_03766
3766,BOOK_03767
3767,BOOK_03768
3768,BOOK_03769
3769,BOOK_03770
3770,BOOK_03771
3771,BOOK_03772
3772,BOOK_03773
3773,BOOK_03774
3774,BOOK_03775
3775,BOOK_03776
3776,BOOK_03777
3777,BOOK_03778
3778,BOOK_03779
3779,BOOK_03780
3780,BOOK_03781
3781,BOOK_03782
3782,BOOK_03783
3783,BOOK_03784
3784,BOOK_03785
3785,BOOK_03786
3786,BOOK_03787
3787,BOOK_03788
3788,BOOK_03789
3789,BOOK_03790
3790,BOOK_03791
3791,BOOK_03792
3792,BOOK_03793
3793,BOOK_03794
3794,BOOK_03795
3795,BOOK_03796
3796,BOOK_03797
3797,BOOK_03798
3798,BOOK_03799
3799,BOOK_03800
3800,BOOK_03801
3801,BOOK_03802
3802,BOOK_03803
3803,BOOK_03804
3804,BOOK_03805
3805,BOOK_03806
3806,BOOK_03807
3807,BOOK_03808
3808,BOOK_03809
3809,BOOK_03810
3810,BOOK_03811
3811,BOOK_03812
3812,BOOK_03813
3813,BOOK_03814
3814,BOOK_03815
3815,BOOK_03816
3816,BOOK_03817
3817,BOOK_03818
3818,BOOK_03819
3819,BOOK_03820
3820,BOOK_03821
3821,BOOK_03822
3822,BOOK_03823
3823,BOOK_03824
3824,BOOK_03825
3825,BOOK_03826
3826,BOOK_03827
3827,BOOK_03828
3828,BOOK_03829
3829,BOOK_03830
3830,BOOK_03831
3831,BOOK_03832
3832,BOOK_03833
3833,BOOK_03834
3834,BOOK_03835
3835,BOOK_03836
3836,BOOK_03837
3837,BOOK_03838
3838,BOOK_03839
3839,BOOK_03840
3840,BOOK_03841
3841,BOOK_03842
3842,BOOK_03843
3843,BOOK_03844
3844,BOOK_03845
3845,BOOK_03846
3846,BOOK_03847
3847,BOOK_03848
3848,BOOK_03849
3849,BOOK_03850
3850,BOOK_03851
3851,BOOK_03852
3852,BOOK_03853
3853,BOOK_03854
3854,BOOK_03855
3855,BOOK_03856
3856,BOOK_03857
3857,BOOK_03858
3858,BOOK_03859
3859,BOOK_03860
3860,BOOK_03861
3861,BOOK_03862
3862,BOOK_03863
3863,BOOK_03864
3864,BOOK_03865
3865,BOOK_03866
3866,BOOK_03867
3867,BOOK_03868
3868,BOOK_03869
3869,BOOK_03870
3870,BOOK_03871
3871,BOOK_03872
3872,BOOK_03873
3873,BOOK_03874
3874,BOOK_03875
3875,BOOK_03876
3876,BOOK_03877
3877,BOOK_03878
3878,BOOK_03879
3879,BOOK_03880
3880,BOOK_03881
3881,BOOK_03882
3882,BOOK_03883
3883,BOOK_03884
3884,BOOK_03885
3885,BOOK_03886
3886,BOOK_03887
3887,BOOK_03888
3888,BOOK_03889
3889,BOOK_03890
3890,BOOK_03891
3891,BOOK_03892
3892,BOOK_03893
3893,BOOK_03894
3894,BOOK_03895
3895,BOOK_03896
3896,BOOK_03897
3897,BOOK_03898
3898,BOOK_03899
3899,BOOK_03900
3900,BOOK_03901
3901,BOOK_03902
3902,BOOK_03903
3903,BOOK_03904
3904,BOOK_03905
3905,BOOK_03906
3906,BOOK_03907
3907,BOOK_03908
3908,BOOK_03909
3909,BOOK_03910
3910,BOOK_03911
3911,BOOK_03912
3912,BOOK_03913
3913,BOOK_03914
3914,BOOK_03915
3915,BOOK_03916
3916,BOOK_03917
3917,BOOK_03918
3918,BOOK_03919
3919,BOOK_03920
3920,BOOK_03921
3921,BOOK_03922
3922,BOOK_03923
3923,BOOK_03924
3924,BOOK_03925
3925,BOOK_03926
3926,BOOK_03927
3927,BOOK_03928
3928,BOOK_03929
3929,BOOK_03930
3930,BOOK_03931
3931,BOOK_03932
3932,BOOK_03933
3933,BOOK_03934
3934,BOOK_03935
3935,BOOK_03936
3936,BOOK_03937
3937,BOOK_03938
3938,BOOK_03939
3939,BOOK_03940
3940,BOOK_03941
3941,BOOK_03942
3942,BOOK_03943
3943,BOOK_03944
3944,BOOK_03945
3945,BOOK_03946
3946,BOOK_03947
3947,BOOK_03948
3948,BOOK_03949
3949,BOOK_03950
3950,BOOK_03951
3951,BOOK_03952
3952,BOOK_03953
3953,BOOK_03954
3954,BOOK_03955
3955,BOOK_03956
3956,BOOK_03957
3957,BOOK_03958
3958,BOOK_03959
3959,BOOK_03960
3960,BOOK_03961
3961,BOOK_03962
3962,BOOK_03963
3963,BOOK_03964
3964,BOOK_03965
3965,BOOK_03966
3966,BOOK_03967
3967,BOOK_03968
3968,BOOK_03969
3969,BOOK_03970
3970,BOOK_03971
3971,BOOK_03972
3972,BOOK_03973
3973,BOOK_03974
3974,BOOK_03975
3975,BOOK_03976
3976,BOOK_03977
3977,BOOK_03978
3978,BOOK_03979
3979,BOOK_03980
3980,BOOK_03981
3981,BOOK_03982
3982,BOOK_03983
3983,BOOK_03984
3984,BOOK_03985
3985,BOOK_03986
3986,BOOK_03987
3987,BOOK_03988
3988,BOOK_03989
3989,BOOK_03990
3990,BOOK_03991
3991,BOOK_03992
3992,BOOK_03993
3993,BOOK_03994
3994,BOOK_03995
3995,BOOK_03996
3996,BOOK_03997
3997,BOOK_03998
3998,BOOK_03999
3999,BOOK_04000
4000,BOOK_04001
4001,BOOK_04002
4002,BOOK_04003
4003,BOOK_04004
4004,BOOK_04005
4005,BOOK_04006
4006,BOOK_04007
4007,BOOK_04008
4008,BOOK_04009
4009,BOOK_04010
4010,BOOK_04011
4011,BOOK_04012
4012,BOOK_04013
4013,BOOK_04014
4014,BOOK_04015
4015,BOOK_04016
4016,BOOK_04017
4017,BOOK_04018
4018,BOOK_04019
4019,BOOK_04020
4020,BOOK_04021
4021,BOOK_04022
4022,BOOK_04023
4023,BOOK_04024
4024,BOOK_04025
4025,BOOK_04026
4026,BOOK_04027
4027,BOOK_04028
4028,BOOK_04029
4029,BOOK_04030
4030,BOOK_04031
4031,BOOK_04032
4032,BOOK_04033
4033,BOOK_04034
4034,BOOK_04035
4035,BOOK_04036
4036,BOOK_04037
4037,BOOK_04038
4038,BOOK_04039
4039,BOOK_04040
4040,BOOK_04041
4041,BOOK_04042
4042,BOOK_04043
4043,BOOK_04044
4044,BOOK_04045
4045,BOOK_04046
4046,BOOK_04047
4047,BOOK_04048
4048,BOOK_04049
4049,BOOK_04050
4050,BOOK_04051
4051,BOOK_04052
4052,BOOK_04053
4053,BOOK_04054
4054,BOOK_04055
4055,BOOK_04056
4056,BOOK_04057
4057,BOOK_04058
4058,BOOK_04059
4059,BOOK_04060
4060,BOOK_04061
4061,BOOK_04062
4062,BOOK_04063
4063,BOOK_04064
4064,BOOK_04065
4065,BOOK_04066
4066,BOOK_04067
4067,BOOK_04068
4068,BOOK_04069
4069,BOOK_04070
4070,BOOK_04071
4071,BOOK_04072
4072,BOOK_04073
4073,BOOK_04074
4074,BOOK_04075
4075,BOOK_04076
4076,BOOK_04077
4077,BOOK_04078
4078,BOOK_04079
4079,BOOK_04080
4080,BOOK_04081
4081,BOOK_04082
4082,BOOK_04083
